Date,Open,High,Low,Close,Adj Close,Volume
2019-06-03,158.5,163.10000610351562,157.3000030517578,161.60000610351562,156.39109802246094,232600
2019-06-04,165.39999389648438,170.10000610351562,163.89999389648438,169.5,164.03643798828125,150540
2019-06-05,169.5,170.3000030517578,160.39999389648438,163.89999389648438,158.616943359375,191730
2019-06-06,164.5,174.3000030517578,164.5,172.8000030517578,167.2301025390625,171910
2019-06-07,173.89999389648438,177.8000030517578,172.6999969482422,174.60000610351562,168.9720916748047,203940
2019-06-10,177.0,180.89999389648438,175.5,176.3000030517578,170.6172637939453,136580
2019-06-11,179.60000610351562,182.5,177.0,177.10000610351562,171.3914794921875,111970
2019-06-12,173.0,174.89999389648438,167.89999389648438,169.60000610351562,164.1332550048828,124410
2019-06-13,176.1999969482422,177.89999389648438,173.89999389648438,175.89999389648438,170.2301483154297,139960
2019-06-14,176.5,176.5,170.8000030517578,172.0,166.4558868408203,120630
2019-06-17,170.89999389648438,177.60000610351562,169.1999969482422,176.1999969482422,170.52049255371094,107740
2019-06-18,178.89999389648438,186.8000030517578,178.89999389648438,183.5,177.58518981933594,148780
2019-06-19,182.89999389648438,186.0,180.0,182.39999389648438,176.52064514160156,127060
2019-06-20,191.39999389648438,195.89999389648438,191.10000610351562,194.8000030517578,188.52096557617188,245330
2019-06-21,195.39999389648438,201.10000610351562,195.39999389648438,199.10000610351562,192.68235778808594,149800
2019-06-24,199.8000030517578,200.39999389648438,192.8000030517578,193.39999389648438,187.1660919189453,105270
2019-06-25,193.8000030517578,193.89999389648438,188.5,188.89999389648438,182.81114196777344,137980
2019-06-26,195.39999389648438,202.10000610351562,193.3000030517578,198.0,191.61782836914062,171810
2019-06-27,197.6999969482422,199.39999389648438,192.1999969482422,192.8000030517578,186.58543395996094,121550
2019-06-28,194.5,200.39999389648438,194.5,199.60000610351562,193.16624450683594,141300
2019-07-01,208.0,209.1999969482422,199.10000610351562,200.39999389648438,193.94046020507812,141450
2019-07-02,199.0,199.1999969482422,188.1999969482422,189.8000030517578,183.68212890625,223850
2019-07-03,191.6999969482422,193.39999389648438,188.1999969482422,193.0,186.7789764404297,112680
2019-07-05,190.3000030517578,194.10000610351562,189.5,194.0,187.74673461914062,101030
2019-07-08,192.3000030517578,197.60000610351562,191.10000610351562,194.1999969482422,187.9403076171875,80220
2019-07-09,194.10000610351562,195.1999969482422,189.6999969482422,194.89999389648438,188.6177215576172,86340
2019-07-10,199.0,204.3000030517578,198.5,203.0,196.45663452148438,144850
2019-07-11,204.39999389648438,204.39999389648438,199.89999389648438,203.89999389648438,197.32762145996094,89750
2019-07-12,204.10000610351562,208.10000610351562,203.5,206.3000030517578,199.6502685546875,81380
2019-07-15,207.39999389648438,207.60000610351562,199.10000610351562,200.1999969482422,193.74688720703125,95420
2019-07-16,201.1999969482422,201.1999969482422,191.60000610351562,193.6999969482422,187.45640563964844,111530
2019-07-17,194.0,195.1999969482422,187.0,187.10000610351562,181.06915283203125,148800
2019-07-18,185.0,187.39999389648438,181.39999389648438,187.1999969482422,181.1659393310547,113610
2019-07-19,187.8000030517578,191.6999969482422,185.39999389648438,190.0,183.87567138671875,133950
2019-07-22,191.1999969482422,194.3000030517578,188.0,192.5,186.2950897216797,99800
2019-07-23,193.0,195.39999389648438,190.8000030517578,194.0,187.74673461914062,85870
2019-07-24,193.3000030517578,200.10000610351562,192.5,196.5,190.1661834716797,106700
2019-07-25,198.60000610351562,199.0,188.10000610351562,189.5,183.39178466796875,129620
2019-07-26,189.8000030517578,189.8000030517578,184.39999389648438,186.39999389648438,180.39169311523438,122950
2019-07-29,187.1999969482422,187.1999969482422,180.3000030517578,184.10000610351562,178.1658477783203,76200
2019-07-30,181.89999389648438,192.0,181.1999969482422,190.8000030517578,184.64990234375,143970
2019-07-31,191.60000610351562,195.39999389648438,184.10000610351562,187.8000030517578,181.74658203125,143910
2019-08-01,182.0,185.0,172.5,175.10000610351562,169.45596313476562,271700
2019-08-02,178.5,180.89999389648438,162.89999389648438,168.1999969482422,162.7783660888672,295270
2019-08-05,160.10000610351562,160.10000610351562,150.0,153.1999969482422,148.26185607910156,285140
2019-08-06,155.10000610351562,156.89999389648438,147.8000030517578,152.39999389648438,147.48764038085938,168470
2019-08-07,145.39999389648438,151.1999969482422,141.8000030517578,148.89999389648438,144.1004638671875,421910
2019-08-08,152.0,162.10000610351562,150.0,162.10000610351562,156.87496948242188,227490
2019-08-09,162.1999969482422,163.0,154.5,156.1999969482422,151.16514587402344,168110
2019-08-12,154.8000030517578,155.39999389648438,148.6999969482422,150.89999389648438,146.03599548339844,143960
2019-08-13,149.5,159.1999969482422,146.5,155.10000610351562,150.10064697265625,185610
2019-08-14,146.1999969482422,146.1999969482422,136.1999969482422,136.39999389648438,132.00335693359375,323980
2019-08-15,137.5,137.5,129.6999969482422,133.8000030517578,129.4871826171875,261300
2019-08-16,136.3000030517578,140.39999389648438,134.8000030517578,139.3000030517578,134.8098907470703,193310
2019-08-19,144.6999969482422,150.0,144.39999389648438,148.6999969482422,143.9069061279297,177760
2019-08-20,147.0,147.0,143.0,144.60000610351562,139.93907165527344,114040
2019-08-21,148.8000030517578,150.0,145.89999389648438,147.6999969482422,142.93914794921875,125270
2019-08-22,148.6999969482422,150.6999969482422,145.3000030517578,145.3000030517578,140.6165008544922,106420
2019-08-23,140.1999969482422,144.10000610351562,128.39999389648438,130.8000030517578,126.58389282226562,337970
2019-08-26,136.89999389648438,136.89999389648438,130.6999969482422,132.39999389648438,128.13229370117188,182250
2019-08-27,134.6999969482422,136.0,127.80000305175781,129.89999389648438,125.71288299560547,214840
2019-08-28,131.89999389648438,137.1999969482422,130.0,135.39999389648438,131.0355987548828,216230
2019-08-29,138.60000610351562,143.0,138.1999969482422,141.3000030517578,136.74545288085938,191250
2019-08-30,142.5,146.60000610351562,138.8000030517578,141.3000030517578,136.74545288085938,133700
2019-09-03,135.0,140.0,133.3000030517578,139.60000610351562,135.10023498535156,171160
2019-09-04,145.0,146.6999969482422,143.6999969482422,145.3000030517578,140.6165008544922,153980
2019-09-05,148.6999969482422,155.1999969482422,148.10000610351562,150.60000610351562,145.74566650390625,241490
2019-09-06,149.1999969482422,153.10000610351562,147.0,153.0,148.06829833984375,126620
2019-09-09,156.3000030517578,162.89999389648438,155.5,161.8000030517578,156.58465576171875,267630
2019-09-10,163.89999389648438,174.6999969482422,163.89999389648438,168.10000610351562,162.68157958984375,403620
2019-09-11,169.89999389648438,174.39999389648438,165.39999389648438,168.10000610351562,162.68157958984375,329710
2019-09-12,162.5,167.5,157.6999969482422,165.10000610351562,159.77828979492188,292670
2019-09-13,168.0,171.39999389648438,166.10000610351562,169.0,163.55258178710938,176270
2019-09-16,189.60000610351562,190.1999969482422,179.89999389648438,186.39999389648438,180.39169311523438,593980
2019-09-17,186.39999389648438,186.39999389648438,174.39999389648438,177.5,171.77859497070312,352210
2019-09-18,175.0,176.39999389648438,171.6999969482422,175.1999969482422,169.552734375,151480
2019-09-19,178.8000030517578,179.6999969482422,172.39999389648438,173.39999389648438,167.8107452392578,140700
2019-09-20,174.0,176.3000030517578,171.89999389648438,173.8000030517578,168.19786071777344,173080
2019-09-23,171.6999969482422,175.6999969482422,170.0,174.3000030517578,168.68174743652344,101230
2019-09-24,172.60000610351562,172.60000610351562,162.39999389648438,165.5,160.8204803466797,225910
2019-09-25,162.8000030517578,166.8000030517578,162.10000610351562,166.3000030517578,161.5978546142578,110640
2019-09-26,164.39999389648438,164.39999389648438,157.3000030517578,159.8000030517578,155.28164672851562,173340
2019-09-27,156.0,163.10000610351562,155.89999389648438,159.5,154.9901123046875,139060
2019-09-30,156.39999389648438,159.10000610351562,155.60000610351562,155.8000030517578,151.39476013183594,126480
2019-10-01,158.10000610351562,159.39999389648438,145.10000610351562,145.3000030517578,141.19163513183594,232870
2019-10-02,143.0,143.8000030517578,133.3000030517578,134.0,130.21115112304688,398790
2019-10-03,132.5,139.10000610351562,129.0,139.10000610351562,135.1669464111328,413690
2019-10-04,140.5,141.89999389648438,136.1999969482422,141.1999969482422,137.20755004882812,187760
2019-10-07,142.0,143.5,137.1999969482422,137.3000030517578,133.4178466796875,184340
2019-10-08,133.39999389648438,136.39999389648438,130.0,130.10000610351562,126.42141723632812,313580
2019-10-09,134.6999969482422,136.10000610351562,133.1999969482422,134.1999969482422,130.40548706054688,172660
2019-10-10,135.0,140.0,134.60000610351562,139.10000610351562,135.1669464111328,183260
2019-10-11,142.8000030517578,148.39999389648438,142.5,144.89999389648438,140.8029327392578,293400
2019-10-14,141.0,145.6999969482422,139.60000610351562,144.3000030517578,140.21990966796875,127960
2019-10-15,144.0,150.39999389648438,142.89999389648438,146.10000610351562,141.96900939941406,159440
2019-10-16,144.8000030517578,147.5,139.89999389648438,140.0,136.04150390625,182500
2019-10-17,141.60000610351562,142.8000030517578,138.8000030517578,140.1999969482422,136.23583984375,149660
2019-10-18,139.3000030517578,142.3000030517578,137.89999389648438,137.89999389648438,134.00086975097656,101170
2019-10-21,138.1999969482422,145.60000610351562,138.1999969482422,145.39999389648438,141.288818359375,173500
2019-10-22,146.89999389648438,155.89999389648438,145.3000030517578,151.5,147.21632385253906,261190
2019-10-23,150.3000030517578,155.5,148.1999969482422,154.6999969482422,150.3258514404297,155700
2019-10-24,156.89999389648438,157.5,150.3000030517578,152.8000030517578,148.47958374023438,122570
2019-10-25,152.5,157.5,152.10000610351562,156.3000030517578,151.880615234375,177670
2019-10-28,157.8000030517578,160.39999389648438,152.89999389648438,153.8000030517578,149.4512939453125,153580
2019-10-29,151.39999389648438,159.3000030517578,150.39999389648438,155.39999389648438,151.00604248046875,160140
2019-10-30,156.3000030517578,156.3000030517578,144.1999969482422,145.89999389648438,141.77468872070312,224770
2019-10-31,144.39999389648438,144.39999389648438,139.8000030517578,143.6999969482422,139.63687133789062,182120
2019-11-01,146.5,154.60000610351562,145.8000030517578,154.1999969482422,149.83999633789062,242070
2019-11-04,159.0,170.10000610351562,158.89999389648438,169.0,164.22152709960938,317020
2019-11-05,171.10000610351562,173.89999389648438,167.6999969482422,170.8000030517578,165.9706268310547,232470
2019-11-06,169.1999969482422,169.6999969482422,157.6999969482422,159.10000610351562,154.60145568847656,240040
2019-11-07,164.60000610351562,167.60000610351562,162.5,166.10000610351562,161.40353393554688,207730
2019-11-08,163.10000610351562,164.60000610351562,158.39999389648438,164.1999969482422,159.55723571777344,171090
2019-11-11,159.6999969482422,163.39999389648438,157.60000610351562,161.10000610351562,156.54490661621094,127750
2019-11-12,162.39999389648438,165.1999969482422,156.1999969482422,158.8000030517578,154.3099365234375,163980
2019-11-13,156.5,158.1999969482422,154.60000610351562,156.1999969482422,151.78343200683594,115900
2019-11-14,156.6999969482422,159.0,153.10000610351562,155.10000610351562,150.7145538330078,141760
2019-11-15,156.60000610351562,160.60000610351562,156.60000610351562,158.8000030517578,154.3099365234375,140830
2019-11-18,156.10000610351562,156.10000610351562,151.10000610351562,152.60000610351562,148.28521728515625,142120
2019-11-19,151.6999969482422,151.6999969482422,145.6999969482422,146.0,141.87185668945312,168870
2019-11-20,146.10000610351562,153.6999969482422,143.3000030517578,150.3000030517578,146.05027770996094,222640
2019-11-21,151.89999389648438,158.1999969482422,150.60000610351562,157.8000030517578,153.3382110595703,203890
2019-11-22,158.3000030517578,160.5,155.5,156.0,151.589111328125,135510
2019-11-25,155.89999389648438,157.5,153.89999389648438,156.89999389648438,152.46363830566406,141150
2019-11-26,157.5,157.5,150.6999969482422,152.0,147.7021942138672,167680
2019-11-27,152.3000030517578,154.3000030517578,149.6999969482422,153.3000030517578,148.96543884277344,128860
2019-11-29,150.0,151.0,147.1999969482422,148.8000030517578,144.59268188476562,87410
2019-12-02,150.8000030517578,153.0,148.1999969482422,148.5,144.30116271972656,173130
2019-12-03,145.5,145.60000610351562,140.5,142.0,137.98495483398438,254090
2019-12-04,146.10000610351562,149.6999969482422,144.3000030517578,148.3000030517578,144.10682678222656,223830
2019-12-05,150.6999969482422,150.89999389648438,144.8000030517578,146.39999389648438,142.26052856445312,180730
2019-12-06,148.39999389648438,155.89999389648438,148.10000610351562,154.6999969482422,150.3258514404297,283330
2019-12-09,151.10000610351562,156.1999969482422,150.89999389648438,153.89999389648438,149.54844665527344,119450
2019-12-10,156.0,156.60000610351562,152.89999389648438,155.0,150.6173858642578,140720
2019-12-11,154.39999389648438,157.3000030517578,153.1999969482422,154.10000610351562,149.74281311035156,117050
2019-12-12,154.8000030517578,164.3000030517578,154.3000030517578,163.1999969482422,158.58551025390625,267520
2019-12-13,164.3000030517578,167.5,158.6999969482422,159.1999969482422,154.6986083984375,219920
2019-12-16,162.3000030517578,167.10000610351562,162.3000030517578,165.6999969482422,161.01483154296875,156640
2019-12-17,167.5,170.0,163.8000030517578,165.89999389648438,161.20916748046875,151610
2019-12-18,164.5,170.60000610351562,164.3000030517578,167.3000030517578,162.56959533691406,157230
2019-12-19,167.5,168.8000030517578,166.5,167.10000610351562,162.37522888183594,121400
2019-12-20,168.39999389648438,172.5,167.8000030517578,171.39999389648438,166.5536651611328,177670
2019-12-23,170.0,176.8000030517578,169.89999389648438,176.3000030517578,172.05795288085938,149660
2019-12-24,177.5,178.39999389648438,175.1999969482422,176.3000030517578,172.05795288085938,57120
2019-12-26,177.89999389648438,180.1999969482422,175.3000030517578,176.10000610351562,171.86277770996094,127600
2019-12-27,178.3000030517578,178.3000030517578,173.39999389648438,173.5,169.32533264160156,130180
2019-12-30,176.5,176.60000610351562,171.3000030517578,172.0,167.86141967773438,151520
2019-12-31,169.3000030517578,175.39999389648438,167.89999389648438,175.0,170.7892303466797,137490
2020-01-02,177.60000610351562,180.3000030517578,176.60000610351562,179.5,175.1809539794922,127620
2020-01-03,185.39999389648438,186.1999969482422,175.3000030517578,177.89999389648438,173.61944580078125,211540
2020-01-06,179.5,184.6999969482422,177.89999389648438,181.8000030517578,177.4256134033203,183860
2020-01-07,180.39999389648438,181.10000610351562,174.3000030517578,181.10000610351562,176.7424774169922,143630
2020-01-08,180.60000610351562,180.60000610351562,171.0,171.8000030517578,167.66622924804688,310080
2020-01-09,171.39999389648438,175.89999389648438,165.3000030517578,175.3000030517578,171.08201599121094,185750
2020-01-10,174.5,175.5,171.6999969482422,172.1999969482422,168.0565948486328,103320
2020-01-13,172.10000610351562,174.0,168.89999389648438,172.3000030517578,168.15420532226562,105120
2020-01-14,171.60000610351562,173.10000610351562,168.0,172.6999969482422,168.54457092285156,123260
2020-01-15,171.10000610351562,171.8000030517578,167.3000030517578,169.10000610351562,165.03121948242188,132800
2020-01-16,171.39999389648438,173.3000030517578,169.3000030517578,169.5,165.4215545654297,160050
2020-01-17,170.60000610351562,171.10000610351562,165.39999389648438,166.10000610351562,162.1033935546875,134500
2020-01-21,163.60000610351562,163.60000610351562,156.5,156.8000030517578,153.02716064453125,152850
2020-01-22,156.3000030517578,156.3000030517578,151.39999389648438,152.39999389648438,148.73301696777344,131680
2020-01-23,148.89999389648438,152.1999969482422,144.5,150.6999969482422,147.0739288330078,173350
2020-01-24,149.3000030517578,149.3000030517578,142.3000030517578,145.39999389648438,141.90145874023438,294100
2020-01-27,137.6999969482422,138.5,133.0,133.10000610351562,129.89743041992188,337510
2020-01-28,136.60000610351562,137.6999969482422,133.6999969482422,135.10000610351562,131.84930419921875,188560
2020-01-29,137.6999969482422,138.89999389648438,130.5,130.89999389648438,127.7503433227539,240260
2020-01-30,128.0,134.39999389648438,125.9000015258789,133.89999389648438,130.6781463623047,360080
2020-01-31,129.0,129.0,119.5999984741211,121.5999984741211,118.67411804199219,659780
2020-02-03,121.5999984741211,121.5999984741211,115.5,116.5999984741211,113.79442596435547,250060
2020-02-04,122.0,124.4000015258789,117.30000305175781,117.9000015258789,115.06315612792969,284180
2020-02-05,124.0,132.5,123.80000305175781,131.10000610351562,127.94554901123047,386360
2020-02-06,132.5,132.89999389648438,126.5,127.30000305175781,124.23697662353516,226230
2020-02-07,125.0,126.0,122.5,124.4000015258789,121.40675354003906,152730
2020-02-10,123.5999984741211,123.5999984741211,120.30000305175781,122.5,119.5524673461914,153860
2020-02-11,127.30000305175781,128.10000610351562,125.0999984741211,126.5999984741211,123.5538101196289,206320
2020-02-12,132.0,133.89999389648438,128.60000610351562,131.8000030517578,128.62869262695312,300490
2020-02-13,130.5,132.8000030517578,128.1999969482422,130.5,127.35997772216797,185670
2020-02-14,131.89999389648438,132.0,125.9000015258789,128.1999969482422,125.11531829833984,181250
2020-02-18,125.19999694824219,126.19999694824219,121.69999694824219,125.4000015258789,122.3826904296875,241160
2020-02-19,127.69999694824219,131.60000610351562,125.5999984741211,130.1999969482422,127.06717681884766,229510
2020-02-20,131.5,134.10000610351562,128.8000030517578,129.8000030517578,126.67682647705078,302700
2020-02-21,126.30000305175781,126.69999694824219,121.9000015258789,124.9000015258789,121.89471435546875,250060
2020-02-24,112.0,112.9000015258789,106.5999984741211,107.19999694824219,104.62060546875,598460
2020-02-25,108.5,108.5,91.30000305175781,93.0,90.76228332519531,762320
2020-02-26,94.5999984741211,95.5,84.69999694824219,84.69999694824219,82.66197967529297,528540
2020-02-27,77.80000305175781,82.80000305175781,71.0999984741211,71.19999694824219,69.48681640625,977350
2020-02-28,66.0,73.30000305175781,62.5,73.0999984741211,71.34109497070312,1196120
2020-03-02,77.0999984741211,80.0,69.19999694824219,79.5,77.58710479736328,732170
2020-03-03,80.9000015258789,84.0,69.5999984741211,72.19999694824219,70.46275329589844,1118930
2020-03-04,77.0999984741211,77.19999694824219,72.0999984741211,77.19999694824219,75.34244537353516,488670
2020-03-05,71.19999694824219,71.69999694824219,65.0999984741211,68.9000015258789,67.2421646118164,756340
2020-03-06,62.099998474121094,63.29999923706055,54.20000076293945,56.900001525878906,55.53090286254883,1180210
2020-03-09,33.599998474121094,40.0,22.700000762939453,22.700000762939453,22.153804779052734,2623050
2020-03-10,28.399999618530273,28.399999618530273,21.200000762939453,25.5,24.886430740356445,2118180
2020-03-11,23.0,24.200000762939453,20.299999237060547,21.200000762939453,20.689897537231445,1503070
2020-03-12,16.899999618530273,17.5,13.5,14.199999809265137,13.85832691192627,2262810
2020-03-13,17.5,18.0,12.5,17.0,16.590953826904297,1954120
2020-03-16,11.5,15.399999618530273,11.399999618530273,12.0,11.711262702941895,1307410
2020-03-17,11.800000190734863,11.800000190734863,9.699999809265137,10.300000190734863,10.052165985107422,1799670
2020-03-18,8.5,8.800000190734863,5.0,6.099999904632568,5.9532246589660645,2761400
2020-03-19,6.699999809265137,7.099999904632568,5.900000095367432,6.900000095367432,6.733975887298584,2313050
2020-03-20,7.5,8.0,6.400000095367432,7.400000095367432,7.221944808959961,2024650
2020-03-23,7.199999809265137,7.199999809265137,5.599999904632568,6.0,5.855631351470947,2087200
2020-03-24,7.380000114440918,8.59000015258789,7.119999885559082,8.420000076293945,8.217402458190918,4830300
2020-03-25,9.180000305175781,10.979999542236328,7.909999847412109,9.550000190734863,9.320213317871094,6938500
2020-03-26,10.09000015258789,12.09000015258789,9.65999984741211,11.479999542236328,11.203773498535156,8832000
2020-03-27,10.069999694824219,10.069999694824219,9.0,9.140000343322754,8.92007827758789,5435800
2020-03-30,8.770000457763672,9.59000015258789,7.960000038146973,9.359999656677246,9.134782791137695,4889200
2020-03-31,10.149999618530273,10.359999656677246,9.25,9.739999771118164,9.505640029907227,5633900
2020-04-01,9.0,9.279999732971191,8.4399995803833,8.720000267028809,8.510184288024902,4723500
2020-04-02,9.59000015258789,11.329999923706055,9.100000381469727,10.279999732971191,10.032648086547852,12970000
2020-04-03,11.010000228881836,11.109999656677246,9.489999771118164,10.069999694824219,9.827699661254883,8945800
2020-04-06,10.539999961853027,11.289999961853027,10.260000228881836,11.079999923706055,10.813398361206055,7110200
2020-04-07,12.239999771118164,12.90999984741211,11.59000015258789,11.59000015258789,11.311127662658691,11069300
2020-04-08,12.220000267028809,13.270000457763672,11.920000076293945,13.229999542236328,12.911664962768555,7499600
2020-04-09,14.289999961853027,14.930000305175781,11.9399995803833,12.949999809265137,12.63840389251709,17675600
2020-04-13,14.0,14.0,12.4399995803833,12.84000015258789,12.531050682067871,8138800
2020-04-14,12.989999771118164,13.300000190734863,12.569999694824219,12.710000038146973,12.404178619384766,5673100
2020-04-15,11.699999809265137,11.770000457763672,10.779999732971191,11.529999732971191,11.252571105957031,4703800
2020-04-16,11.59000015258789,11.59000015258789,10.510000228881836,10.569999694824219,10.315669059753418,3677000
2020-04-17,10.949999809265137,12.8100004196167,10.949999809265137,12.779999732971191,12.472494125366211,7405900
2020-04-20,11.270000457763672,12.890000343322754,11.149999618530273,11.989999771118164,11.701501846313477,8028900
2020-04-21,11.350000381469727,11.979999542236328,10.899999618530273,11.5600004196167,11.281848907470703,8822400
2020-04-22,12.680000305175781,12.760000228881836,12.0600004196167,12.369999885559082,12.072359085083008,7491900
2020-04-23,13.149999618530273,13.779999732971191,12.880000114440918,13.149999618530273,12.83359146118164,9991700
2020-04-24,13.680000305175781,13.9399995803833,12.819999694824219,13.220000267028809,12.901906967163086,6160000
2020-04-27,12.979999542236328,13.989999771118164,12.430000305175781,13.789999961853027,13.45819091796875,7332000
2020-04-28,14.170000076293945,14.619999885559082,13.779999732971191,14.4399995803833,14.092551231384277,10068100
2020-04-29,15.4399995803833,16.690000534057617,15.369999885559082,16.6299991607666,16.229854583740234,11350200
2020-04-30,16.729999542236328,16.860000610351562,15.369999885559082,15.829999923706055,15.449106216430664,16065300
2020-05-01,15.109999656677246,15.40999984741211,13.6899995803833,14.0,13.663138389587402,6852900
2020-05-04,13.470000267028809,15.029999732971191,13.399999618530273,15.020000457763672,14.658596992492676,4587100
2020-05-05,16.31999969482422,16.5,14.930000305175781,15.0600004196167,14.697633743286133,10921100
2020-05-06,15.199999809265137,15.430000305175781,14.220000267028809,14.270000457763672,13.926642417907715,5838000
2020-05-07,15.100000381469727,15.539999961853027,14.779999732971191,14.960000038146973,14.600040435791016,7413600
2020-05-08,15.65999984741211,16.360000610351562,15.5,16.34000015258789,15.946834564208984,8817600
2020-05-11,16.049999237060547,16.219999313354492,15.609999656677246,15.789999961853027,15.41006851196289,4134400
2020-05-12,16.139999389648438,16.139999389648438,15.1899995803833,15.199999809265137,14.834264755249023,4897100
2020-05-13,15.0,15.010000228881836,13.630000114440918,13.890000343322754,13.5557861328125,6346000
2020-05-14,13.399999618530273,14.399999618530273,12.720000267028809,14.109999656677246,13.770491600036621,4762700
2020-05-15,14.109999656677246,14.729999542236328,13.800000190734863,14.069999694824219,13.731454849243164,8986800
2020-05-18,15.6899995803833,16.530000686645508,15.5600004196167,16.34000015258789,15.946834564208984,10520300
2020-05-19,16.469999313354492,16.469999313354492,15.399999618530273,15.4399995803833,15.068490028381348,9280000
2020-05-20,16.049999237060547,16.700000762939453,15.880000114440918,16.6200008392334,16.22010040283203,9397900
2020-05-21,16.780000686645508,16.889999389648438,15.850000381469727,16.1200008392334,15.73213005065918,11529700
2020-05-22,15.899999618530273,15.9399995803833,15.25,15.920000076293945,15.536940574645996,5451100
2020-05-26,16.940000534057617,17.139999389648438,16.709999084472656,16.809999465942383,16.40552520751953,8098500
2020-05-27,17.309999465942383,17.489999771118164,16.270000457763672,17.239999771118164,16.825180053710938,7438100
2020-05-28,17.260000228881836,17.31999969482422,16.1200008392334,16.260000228881836,15.86876106262207,6698500
2020-05-29,16.0,16.360000610351562,15.430000305175781,16.1299991607666,15.741887092590332,7232300
2020-06-01,16.059999465942383,16.850000381469727,15.630000114440918,16.690000534057617,16.288414001464844,5935000
2020-06-02,17.059999465942383,17.639999389648438,17.020000457763672,17.6200008392334,17.19603729248047,6875300
2020-06-03,18.25,18.81999969482422,18.110000610351562,18.68000030517578,18.230531692504883,7331900
2020-06-04,18.459999084472656,18.809999465942383,17.93000030517578,18.65999984741211,18.21101188659668,6558500
2020-06-05,20.510000228881836,21.809999465942383,20.489999771118164,21.43000030517578,20.91436004638672,13468900
2020-06-08,23.079999923706055,23.440000534057617,22.030000686645508,23.440000534057617,22.87599754333496,13994800
2020-06-09,21.899999618530273,22.030000686645508,21.030000686645508,21.68000030517578,21.15834617614746,8054800
2020-06-10,21.229999542236328,21.25,19.489999771118164,19.5,19.03080177307129,7980700
2020-06-11,16.649999618530273,17.809999465942383,15.6899995803833,15.760000228881836,15.380791664123535,8732600
2020-06-12,17.200000762939453,17.43000030517578,15.729999542236328,16.600000381469727,16.200580596923828,6154200
2020-06-15,15.15999984741211,17.049999237060547,14.84000015258789,16.700000762939453,16.298173904418945,5345100
2020-06-16,18.309999465942383,18.34000015258789,16.690000534057617,17.68000030517578,17.254592895507812,5944600
2020-06-17,17.530000686645508,17.530000686645508,16.469999313354492,16.469999313354492,16.073705673217773,4257000
2020-06-18,16.1299991607666,17.219999313354492,15.930000305175781,16.889999389648438,16.483600616455078,3510100
2020-06-19,17.93000030517578,17.93000030517578,16.31999969482422,16.31999969482422,15.927314758300781,4569100
2020-06-22,16.149999618530273,16.600000381469727,15.800000190734863,16.520000457763672,16.12250518798828,3798400
2020-06-23,16.850000381469727,16.920000076293945,16.270000457763672,16.34000015258789,16.103778839111328,3743500
2020-06-24,15.899999618530273,15.920000076293945,14.350000381469727,14.609999656677246,14.398788452148438,5727600
2020-06-25,14.329999923706055,15.210000038146973,14.140000343322754,15.119999885559082,14.901415824890137,3449200
2020-06-26,14.90999984741211,14.90999984741211,13.920000076293945,14.039999961853027,13.837028503417969,5505900
2020-06-29,14.149999618530273,14.680000305175781,14.0,14.430000305175781,14.221391677856445,4256800
2020-06-30,14.15999984741211,15.270000457763672,13.899999618530273,15.09000015258789,14.87185001373291,5231100
2020-07-01,15.239999771118164,15.630000114440918,14.329999923706055,14.369999885559082,14.16225814819336,4874200
2020-07-02,14.989999771118164,15.350000381469727,14.609999656677246,14.649999618530273,14.438209533691406,3497400
2020-07-06,15.270000457763672,15.390000343322754,14.399999618530273,14.779999732971191,14.566330909729004,3563900
2020-07-07,14.399999618530273,14.430000305175781,13.779999732971191,13.84000015258789,13.639921188354492,3169700
2020-07-08,13.859999656677246,14.239999771118164,13.579999923706055,13.8100004196167,13.61035442352295,3913500
2020-07-09,13.6899995803833,13.75,12.40999984741211,12.460000038146973,12.279870986938477,5979000
2020-07-10,12.350000381469727,13.260000228881836,12.329999923706055,13.229999542236328,13.038738250732422,3522300
2020-07-13,13.5,13.579999923706055,12.890000343322754,13.100000381469727,12.910618782043457,5204900
2020-07-14,12.890000343322754,14.0600004196167,12.84000015258789,14.020000457763672,13.817317962646484,8076500
2020-07-15,14.720000267028809,14.789999961853027,14.180000305175781,14.609999656677246,14.398788452148438,4925100
2020-07-16,14.380000114440918,14.84000015258789,14.039999961853027,14.470000267028809,14.260812759399414,4161100
2020-07-17,14.539999961853027,14.880000114440918,13.9399995803833,14.050000190734863,13.846884727478027,3688600
2020-07-20,13.979999542236328,14.279999732971191,13.579999923706055,13.600000381469727,13.403390884399414,3984400
2020-07-21,14.069999694824219,15.449999809265137,14.029999732971191,15.25,15.029536247253418,8870700
2020-07-22,14.899999618530273,14.90999984741211,14.430000305175781,14.890000343322754,14.6747407913208,3432700
2020-07-23,14.720000267028809,14.960000038146973,14.430000305175781,14.800000190734863,14.586042404174805,4468000
2020-07-24,14.850000381469727,15.239999771118164,14.520000457763672,14.609999656677246,14.398788452148438,4281700
2020-07-27,14.680000305175781,14.800000190734863,14.239999771118164,14.649999618530273,14.438209533691406,4246300
2020-07-28,14.510000228881836,14.770000457763672,14.09000015258789,14.130000114440918,13.925728797912598,3840800
2020-07-29,14.260000228881836,14.779999732971191,14.050000190734863,14.75,14.536765098571777,3947900
2020-07-30,14.170000076293945,14.170000076293945,13.350000381469727,13.630000114440918,13.43295669555664,5798300
2020-07-31,13.210000038146973,13.479999542236328,12.899999618530273,13.470000267028809,13.275269508361816,5001500
2020-08-03,13.470000267028809,13.699999809265137,13.239999771118164,13.569999694824219,13.373824119567871,3556100
2020-08-04,13.4399995803833,14.260000228881836,13.430000305175781,14.210000038146973,14.004571914672852,4649700
2020-08-05,14.779999732971191,14.869999885559082,14.25,14.510000228881836,14.3002347946167,4870200
2020-08-06,14.420000076293945,14.609999656677246,14.170000076293945,14.270000457763672,14.063704490661621,3676200
2020-08-07,14.050000190734863,14.369999885559082,13.6899995803833,14.329999923706055,14.122836112976074,3617200
2020-08-10,14.5,15.220000267028809,14.460000038146973,15.199999809265137,14.98025894165039,4415400
2020-08-11,15.760000228881836,16.15999984741211,14.949999809265137,15.079999923706055,14.861993789672852,6883300
2020-08-12,15.59000015258789,15.75,15.079999923706055,15.40999984741211,15.187223434448242,5028400
2020-08-13,15.199999809265137,15.40999984741211,14.739999771118164,14.8100004196167,14.595897674560547,3518400
2020-08-14,14.600000381469727,15.130000114440918,14.470000267028809,15.100000381469727,14.881705284118652,3633800
2020-08-17,15.09000015258789,15.100000381469727,14.739999771118164,14.90999984741211,14.694451332092285,2289100
2020-08-18,14.770000457763672,15.079999923706055,14.4399995803833,14.5,14.290379524230957,2364700
2020-08-19,14.5,14.640000343322754,14.109999656677246,14.170000076293945,13.965149879455566,2798900
2020-08-20,13.800000190734863,13.949999809265137,13.569999694824219,13.579999923706055,13.383679389953613,3194700
2020-08-21,13.4399995803833,13.520000457763672,13.140000343322754,13.380000114440918,13.186570167541504,2456200
2020-08-24,13.609999656677246,14.319999694824219,13.399999618530273,14.130000114440918,13.925728797912598,3709200
2020-08-25,14.350000381469727,14.350000381469727,13.600000381469727,13.760000228881836,13.561077117919922,3647200
2020-08-26,13.739999771118164,13.739999771118164,13.130000114440918,13.140000343322754,12.950039863586426,2915500
2020-08-27,13.15999984741211,13.380000114440918,12.869999885559082,13.1899995803833,12.999316215515137,3692600
2020-08-28,13.319999694824219,13.75,13.170000076293945,13.699999809265137,13.501943588256836,2774600
2020-08-31,13.75,13.75,13.079999923706055,13.09000015258789,12.900762557983398,3070900
2020-09-01,12.989999771118164,13.020000457763672,12.569999694824219,12.890000343322754,12.703654289245605,3556000
2020-09-02,12.890000343322754,13.039999961853027,12.600000381469727,12.770000457763672,12.585389137268066,4866000
2020-09-03,12.649999618530273,13.25,12.420000076293945,12.579999923706055,12.3981351852417,5647700
2020-09-04,12.819999694824219,13.010000228881836,12.1899995803833,12.510000228881836,12.329148292541504,4482400
2020-09-08,12.0,12.130000114440918,11.300000190734863,11.579999923706055,11.412591934204102,6927000
2020-09-09,11.880000114440918,11.960000038146973,11.649999618530273,11.699999809265137,11.53085708618164,5127100
2020-09-10,11.800000190734863,11.829999923706055,10.829999923706055,10.829999923706055,10.673434257507324,5305000
2020-09-11,10.920000076293945,11.050000190734863,10.729999542236328,10.890000343322754,10.732566833496094,4517400
2020-09-14,10.960000038146973,11.270000457763672,10.8100004196167,11.0600004196167,10.900110244750977,2669200
2020-09-15,11.25,11.420000076293945,10.850000381469727,10.90999984741211,10.752278327941895,2612200
2020-09-16,11.119999885559082,12.09000015258789,10.920000076293945,11.789999961853027,11.619556427001953,7352700
2020-09-17,11.420000076293945,11.84000015258789,11.1899995803833,11.84000015258789,11.66883373260498,3664400
2020-09-18,11.8100004196167,11.829999923706055,11.319999694824219,11.539999961853027,11.373170852661133,3333000
2020-09-21,11.0,11.039999961853027,10.40999984741211,10.789999961853027,10.634013175964355,3770200
2020-09-22,10.720000267028809,11.039999961853027,10.420000076293945,10.460000038146973,10.407164573669434,2412500
2020-09-23,10.5600004196167,10.619999885559082,9.5,9.520000457763672,9.47191333770752,3600000
2020-09-24,9.489999771118164,9.859999656677246,9.09000015258789,9.5,9.452013969421387,5433500
2020-09-25,9.3100004196167,9.630000114440918,9.1899995803833,9.5,9.452013969421387,3089600
2020-09-28,9.819999694824219,10.149999618530273,9.8100004196167,9.930000305175781,9.879841804504395,3465900
2020-09-29,9.850000381469727,9.930000305175781,9.199999809265137,9.40999984741211,9.362467765808105,3046000
2020-09-30,9.520000457763672,9.729999542236328,9.25,9.359999656677246,9.31272029876709,3186500
2020-10-01,9.130000114440918,9.210000038146973,8.649999618530273,8.770000457763672,8.725701332092285,4846400
2020-10-02,8.279999732971191,9.079999923706055,8.25,8.9399995803833,8.894842147827148,4016500
2020-10-05,9.119999885559082,9.470000267028809,9.039999961853027,9.470000267028809,9.422165870666504,3538300
2020-10-06,9.739999771118164,9.850000381469727,9.130000114440918,9.15999984741211,9.113730430603027,4033900
2020-10-07,9.3100004196167,9.489999771118164,9.069999694824219,9.449999809265137,9.402265548706055,3378600
2020-10-08,9.649999618530273,10.15999984741211,9.510000228881836,10.149999618530273,10.098730087280273,4937400
2020-10-09,10.350000381469727,10.380000114440918,9.789999961853027,9.819999694824219,9.770397186279297,4279900
2020-10-12,9.760000228881836,9.9399995803833,9.550000190734863,9.869999885559082,9.820144653320312,2181900
2020-10-13,9.899999618530273,9.989999771118164,9.510000228881836,9.569999694824219,9.521659851074219,2493900
2020-10-14,9.65999984741211,10.100000381469727,9.609999656677246,9.649999618530273,9.601255416870117,3361900
2020-10-15,9.300000190734863,9.890000343322754,9.149999618530273,9.890000343322754,9.840044021606445,3153700
2020-10-16,9.850000381469727,9.859999656677246,9.399999618530273,9.420000076293945,9.372417449951172,2463900
2020-10-19,9.5,9.59000015258789,9.020000457763672,9.039999961853027,8.99433708190918,3043100
2020-10-20,9.130000114440918,9.390000343322754,9.010000228881836,9.25,9.203276634216309,2666600
2020-10-21,9.130000114440918,9.239999771118164,8.880000114440918,8.899999618530273,8.8550443649292,3698100
2020-10-22,8.9399995803833,9.649999618530273,8.8100004196167,9.619999885559082,9.571407318115234,3760500
2020-10-23,9.729999542236328,9.84000015258789,9.289999961853027,9.510000228881836,9.461963653564453,2855700
2020-10-26,9.199999809265137,9.220000267028809,8.65999984741211,8.859999656677246,8.815245628356934,3515400
2020-10-27,8.880000114440918,8.880000114440918,8.579999923706055,8.609999656677246,8.566509246826172,2277800
2020-10-28,8.180000305175781,8.300000190734863,7.800000190734863,7.900000095367432,7.860095500946045,4759700
2020-10-29,7.699999809265137,8.430000305175781,7.480000019073486,8.369999885559082,8.32772159576416,3876300
2020-10-30,8.279999732971191,8.479999542236328,8.069999694824219,8.460000038146973,8.417266845703125,6002200
2020-11-02,8.670000076293945,9.270000457763672,8.380000114440918,9.0600004196167,9.014236450195312,4706600
2020-11-03,9.399999618530273,9.399999618530273,8.789999961853027,8.9399995803833,8.894842147827148,3879000
2020-11-04,8.979999542236328,9.399999618530273,8.489999771118164,8.949999809265137,8.904791831970215,3960600
2020-11-05,9.0,9.319999694824219,8.920000076293945,8.949999809265137,8.904791831970215,3376100
2020-11-06,8.960000038146973,9.220000267028809,8.5,8.5600004196167,8.516761779785156,4078000
2020-11-09,10.510000228881836,11.449999809265137,10.510000228881836,11.010000228881836,10.954386711120605,14532700
2020-11-10,11.449999809265137,11.720000267028809,10.979999542236328,11.720000267028809,11.660799980163574,8411900
2020-11-11,12.029999732971191,12.029999732971191,11.289999961853027,11.5,11.441911697387695,4526300
2020-11-12,11.09000015258789,11.420000076293945,10.520000457763672,10.720000267028809,10.665851593017578,5406400
2020-11-13,10.90999984741211,11.649999618530273,10.899999618530273,11.5600004196167,11.501608848571777,6856800
2020-11-16,12.520000457763672,13.109999656677246,12.229999542236328,13.109999656677246,13.043778419494629,8186800
2020-11-17,12.720000267028809,13.350000381469727,12.380000114440918,13.34000015258789,13.27261734008789,5775600
2020-11-18,13.569999694824219,13.649999618530273,12.550000190734863,12.569999694824219,12.506505966186523,6064100
2020-11-19,12.380000114440918,13.020000457763672,12.119999885559082,12.960000038146973,12.894536972045898,4716000
2020-11-20,12.890000343322754,13.010000228881836,12.649999618530273,12.8100004196167,12.745294570922852,3847500
2020-11-23,13.210000038146973,14.680000305175781,13.210000038146973,14.649999618530273,14.57599925994873,7373700
2020-11-24,15.600000381469727,16.229999542236328,15.359999656677246,16.149999618530273,16.068422317504883,10464800
2020-11-25,15.930000305175781,15.930000305175781,15.220000267028809,15.380000114440918,15.302312850952148,6265900
2020-11-27,15.199999809265137,15.470000267028809,14.779999732971191,15.0,14.924232482910156,3801800
2020-11-30,14.699999809265137,14.729999542236328,13.329999923706055,13.390000343322754,13.322364807128906,6495000
2020-12-01,14.109999656677246,14.260000228881836,13.4399995803833,13.510000228881836,13.441758155822754,4475200
2020-12-02,13.390000343322754,14.800000190734863,13.3100004196167,14.380000114440918,14.307363510131836,7989500
2020-12-03,14.479999542236328,15.020000457763672,14.199999809265137,14.65999984741211,14.585948944091797,5209200
2020-12-04,15.25,16.290000915527344,15.199999809265137,16.290000915527344,16.20771598815918,7714300
2020-12-07,15.899999618530273,15.949999809265137,15.210000038146973,15.5,15.421706199645996,5547500
2020-12-08,15.119999885559082,16.270000457763672,15.109999656677246,15.979999542236328,15.89928150177002,5230100
2020-12-09,16.309999465942383,16.799999237060547,15.649999618530273,16.06999969482422,15.988826751708984,8234000
2020-12-10,16.040000915527344,17.399999618530273,15.970000267028809,17.040000915527344,16.953927993774414,8381700
2020-12-11,16.799999237060547,16.799999237060547,16.15999984741211,16.610000610351562,16.526100158691406,6363500
2020-12-14,17.15999984741211,17.15999984741211,15.34000015258789,15.449999809265137,15.37195873260498,6992400
2020-12-15,15.739999771118164,16.219999313354492,15.34000015258789,16.049999237060547,15.968927383422852,5104700
2020-12-16,16.139999389648438,16.270000457763672,15.680000305175781,15.899999618530273,15.819685935974121,3661400
2020-12-17,16.219999313354492,16.219999313354492,15.569999694824219,15.739999771118164,15.660493850708008,2679900
2020-12-18,15.739999771118164,15.869999885559082,14.979999542236328,15.220000267028809,15.143120765686035,4954200
2020-12-21,14.069999694824219,14.890000343322754,13.770000457763672,14.649999618530273,14.57599925994873,5672300
2020-12-22,14.470000267028809,14.600000381469727,14.039999961853027,14.079999923706055,14.079999923706055,4096900
2020-12-23,14.359999656677246,15.09000015258789,14.3100004196167,14.680000305175781,14.680000305175781,4194800
2020-12-24,14.739999771118164,14.739999771118164,14.25,14.489999771118164,14.489999771118164,2028600
2020-12-28,14.680000305175781,15.010000228881836,14.270000457763672,14.34000015258789,14.34000015258789,3780300
2020-12-29,14.550000190734863,14.600000381469727,14.029999732971191,14.15999984741211,14.15999984741211,3849500
2020-12-30,14.199999809265137,14.869999885559082,14.119999885559082,14.619999885559082,14.619999885559082,2834800
2020-12-31,14.5,14.59000015258789,14.229999542236328,14.350000381469727,14.350000381469727,3033000
2021-01-04,14.699999809265137,14.9399995803833,14.069999694824219,14.399999618530273,14.399999618530273,6118600
2021-01-05,14.710000038146973,16.479999542236328,14.699999809265137,15.699999809265137,15.699999809265137,6764500
2021-01-06,16.290000915527344,16.940000534057617,15.890000343322754,16.65999984741211,16.65999984741211,6878900
2021-01-07,16.959999084472656,17.469999313354492,16.59000015258789,17.139999389648438,17.139999389648438,4668800
2021-01-08,17.559999465942383,17.559999465942383,16.829999923706055,17.100000381469727,17.100000381469727,4525300
2021-01-11,16.350000381469727,17.760000228881836,16.149999618530273,17.6299991607666,17.6299991607666,3896400
2021-01-12,18.059999465942383,19.059999465942383,17.790000915527344,18.899999618530273,18.899999618530273,5848600
2021-01-13,19.010000228881836,19.010000228881836,18.280000686645508,18.56999969482422,18.56999969482422,3459700
2021-01-14,18.889999389648438,20.110000610351562,18.760000228881836,19.690000534057617,19.690000534057617,5337300
2021-01-15,18.959999084472656,18.969999313354492,17.760000228881836,18.1200008392334,18.1200008392334,5167500
2021-01-19,18.6200008392334,19.100000381469727,18.450000762939453,18.8700008392334,18.8700008392334,3395300
2021-01-20,19.209999084472656,19.260000228881836,18.6200008392334,18.989999771118164,18.989999771118164,4650600
2021-01-21,18.780000686645508,18.979999542236328,17.3700008392334,17.709999084472656,17.709999084472656,4903200
2021-01-22,16.940000534057617,17.610000610351562,16.649999618530273,17.549999237060547,17.549999237060547,3388300
2021-01-25,17.149999618530273,17.260000228881836,16.530000686645508,17.18000030517578,17.18000030517578,5216900
2021-01-26,17.43000030517578,17.989999771118164,16.40999984741211,16.43000030517578,16.43000030517578,4249600
2021-01-27,15.869999885559082,16.8799991607666,15.420000076293945,16.0,16.0,8034500
2021-01-28,16.3799991607666,16.75,15.960000038146973,16.360000610351562,16.360000610351562,4505100
2021-01-29,15.899999618530273,16.309999465942383,15.149999618530273,15.300000190734863,15.300000190734863,5401500
2021-02-01,15.720000267028809,15.789999961853027,14.979999542236328,15.5,15.5,3333500
2021-02-02,16.25,16.56999969482422,15.819999694824219,15.829999923706055,15.829999923706055,4954400
2021-02-03,16.0,17.260000228881836,15.869999885559082,17.190000534057617,17.190000534057617,6411000
2021-02-04,17.469999313354492,17.549999237060547,16.799999237060547,17.549999237060547,17.549999237060547,3961200
2021-02-05,18.09000015258789,18.219999313354492,17.75,17.860000610351562,17.860000610351562,3643500
