Date,Open,High,Low,Close,Adj Close,Volume
2019-06-03,21.969999313354492,21.969999313354492,21.520000457763672,21.719999313354492,17.48934555053711,516600
2019-06-04,21.75,21.93000030517578,21.5,21.899999618530273,17.63428497314453,579100
2019-06-05,21.93000030517578,22.270000457763672,21.889999389648438,22.190000534057617,17.8677978515625,488900
2019-06-06,22.329999923706055,22.6299991607666,22.209999084472656,22.610000610351562,18.205989837646484,546900
2019-06-07,22.760000228881836,23.209999084472656,22.760000228881836,23.020000457763672,18.536130905151367,550300
2019-06-10,23.059999465942383,23.170000076293945,22.93000030517578,23.149999618530273,18.64080810546875,366000
2019-06-11,23.299999237060547,23.329999923706055,22.989999771118164,23.290000915527344,18.753541946411133,551000
2019-06-12,23.25,23.3700008392334,23.020000457763672,23.290000915527344,18.753541946411133,444700
2019-06-13,23.309999465942383,23.700000762939453,23.280000686645508,23.68000030517578,19.06757354736328,694600
2019-06-14,23.579999923706055,23.700000762939453,23.219999313354492,23.239999771118164,18.71327781677246,549300
2019-06-17,23.31999969482422,23.610000610351562,23.270000457763672,23.610000610351562,19.01120948791504,595600
2019-06-18,23.790000915527344,24.030000686645508,23.690000534057617,23.860000610351562,19.212512969970703,477700
2019-06-19,23.84000015258789,23.979999542236328,23.700000762939453,23.829999923706055,19.188356399536133,544900
2019-06-20,23.90999984741211,23.989999771118164,23.649999618530273,23.690000534057617,19.07562828063965,559600
2019-06-21,23.06999969482422,23.290000915527344,21.860000610351562,21.989999771118164,17.70675277709961,2301700
2019-06-24,21.989999771118164,22.219999313354492,21.579999923706055,21.729999542236328,17.497400283813477,844100
2019-06-25,21.719999313354492,21.809999465942383,20.850000381469727,20.850000381469727,16.78880500793457,842500
2019-06-26,20.899999618530273,21.020000457763672,19.950000762939453,19.969999313354492,16.08021354675293,2018900
2019-06-27,20.06999969482422,20.760000228881836,20.030000686645508,20.760000228881836,16.71633529663086,1068000
2019-06-28,20.75,21.1299991607666,20.700000762939453,21.010000228881836,16.917640686035156,4002800
2019-07-01,21.290000915527344,21.31999969482422,20.31999969482422,20.489999771118164,16.498926162719727,1115100
2019-07-02,20.5,20.719999313354492,20.360000610351562,20.59000015258789,16.579448699951172,665400
2019-07-03,20.65999984741211,20.850000381469727,20.56999969482422,20.850000381469727,16.78880500793457,359500
2019-07-05,20.75,20.959999084472656,20.40999984741211,20.889999389648438,16.821012496948242,653400
2019-07-08,20.809999465942383,20.860000610351562,20.520000457763672,20.56999969482422,16.563344955444336,822100
2019-07-09,20.479999542236328,20.6200008392334,20.09000015258789,20.440000534057617,16.45866584777832,905000
2019-07-10,20.520000457763672,20.59000015258789,20.139999389648438,20.299999237060547,16.34593391418457,1025400
2019-07-11,20.299999237060547,20.530000686645508,18.950000762939453,18.969999313354492,15.274994850158691,1905200
2019-07-12,18.979999542236328,19.239999771118164,18.809999465942383,19.079999923706055,15.363570213317871,1100500
2019-07-15,19.139999389648438,19.200000762939453,18.610000610351562,18.850000381469727,15.178367614746094,1286600
2019-07-16,18.75,19.06999969482422,18.600000381469727,18.65999984741211,15.02537727355957,2182500
2019-07-17,18.719999313354492,18.8799991607666,18.450000762939453,18.56999969482422,14.952906608581543,1658600
2019-07-18,18.18000030517578,18.290000915527344,17.719999313354492,17.739999771118164,14.663603782653809,1368800
2019-07-19,17.709999084472656,17.860000610351562,17.209999084472656,17.239999771118164,14.250309944152832,1104400
2019-07-22,17.170000076293945,17.190000534057617,16.329999923706055,17.0,14.05193042755127,1836800
2019-07-23,17.0,17.600000381469727,17.0,17.43000030517578,14.40736198425293,1199600
2019-07-24,17.510000228881836,17.68000030517578,17.15999984741211,17.25,14.258577346801758,873800
2019-07-25,17.25,17.260000228881836,16.540000915527344,16.6299991607666,13.746092796325684,955400
2019-07-26,16.6299991607666,16.969999313354492,16.399999618530273,16.5,13.638638496398926,1964300
2019-07-29,16.6299991607666,17.0,16.3700008392334,16.420000076293945,13.572511672973633,997200
2019-07-30,17.0,17.040000915527344,16.360000610351562,17.030000686645508,14.076729774475098,1118800
2019-07-31,17.030000686645508,18.239999771118164,17.030000686645508,17.809999465942383,14.721464157104492,2135700
2019-08-01,17.8799991607666,18.09000015258789,17.43000030517578,17.530000686645508,14.490019798278809,1342000
2019-08-02,17.59000015258789,17.850000381469727,17.43000030517578,17.559999465942383,14.514817237854004,870500
2019-08-05,17.459999084472656,17.56999969482422,17.110000610351562,17.469999313354492,14.440424919128418,942900
2019-08-06,17.459999084472656,17.65999984741211,16.989999771118164,17.469999313354492,14.440424919128418,1149800
2019-08-07,17.40999984741211,17.790000915527344,17.110000610351562,17.739999771118164,14.663603782653809,1147700
2019-08-08,17.829999923706055,18.260000228881836,17.600000381469727,18.15999984741211,15.010767936706543,1318000
2019-08-09,18.09000015258789,18.09000015258789,17.600000381469727,17.850000381469727,14.754528045654297,695400
2019-08-12,17.770000457763672,18.100000381469727,17.649999618530273,17.979999542236328,14.861983299255371,440200
2019-08-13,17.979999542236328,18.299999237060547,17.84000015258789,18.020000457763672,14.895047187805176,459500
2019-08-14,17.899999618530273,18.0,17.3799991607666,17.459999084472656,14.432159423828125,670200
2019-08-15,17.450000762939453,17.579999923706055,17.350000381469727,17.440000534057617,14.415629386901855,554000
2019-08-16,17.489999771118164,17.84000015258789,17.350000381469727,17.649999618530273,14.589212417602539,607700
2019-08-19,17.860000610351562,18.1200008392334,17.75,17.760000228881836,14.680133819580078,500700
2019-08-20,17.709999084472656,17.770000457763672,17.40999984741211,17.450000762939453,14.423894882202148,636700
2019-08-21,17.549999237060547,17.81999969482422,17.43000030517578,17.610000610351562,14.556147575378418,642100
2019-08-22,17.670000076293945,17.799999237060547,17.299999237060547,17.420000076293945,14.399096488952637,471800
2019-08-23,17.350000381469727,17.479999542236328,16.709999084472656,16.739999771118164,13.837018013000488,704900
2019-08-26,16.899999618530273,17.229999542236328,16.809999465942383,17.219999313354492,14.233778953552246,603800
2019-08-27,17.3799991607666,17.399999618530273,16.450000762939453,16.530000686645508,13.66343879699707,735000
2019-08-28,16.520000457763672,17.299999237060547,16.5,17.100000381469727,14.134589195251465,504100
2019-08-29,17.25,17.440000534057617,17.049999237060547,17.1299991607666,14.159385681152344,369300
2019-08-30,17.209999084472656,17.299999237060547,16.979999542236328,17.15999984741211,14.184185028076172,498400
2019-09-03,17.059999465942383,17.360000610351562,17.049999237060547,17.270000457763672,14.275108337402344,518900
2019-09-04,17.40999984741211,17.700000762939453,17.290000915527344,17.579999923706055,14.531350135803223,533900
2019-09-05,17.530000686645508,18.040000915527344,17.360000610351562,17.850000381469727,14.754528045654297,1053900
2019-09-06,17.850000381469727,17.969999313354492,17.56999969482422,17.739999771118164,14.663603782653809,543600
2019-09-09,17.790000915527344,18.209999084472656,17.719999313354492,18.200000762939453,15.04383373260498,587900
2019-09-10,18.18000030517578,18.3799991607666,18.0,18.18000030517578,15.027300834655762,951500
2019-09-11,18.25,18.510000228881836,18.100000381469727,18.350000381469727,15.167820930480957,847300
2019-09-12,18.5,18.639999389648438,18.25,18.350000381469727,15.167820930480957,725700
2019-09-13,18.440000534057617,18.6200008392334,18.139999389648438,18.229999542236328,15.06863021850586,762200
2019-09-16,18.079999923706055,18.360000610351562,17.81999969482422,18.209999084472656,15.052096366882324,749100
2019-09-17,18.170000076293945,18.18000030517578,17.670000076293945,17.84000015258789,14.746261596679688,601700
2019-09-18,17.889999389648438,17.93000030517578,17.559999465942383,17.790000915527344,14.70493221282959,1160600
2019-09-19,17.93000030517578,18.010000228881836,17.540000915527344,17.610000610351562,14.556147575378418,857500
2019-09-20,17.6299991607666,17.6299991607666,17.34000015258789,17.450000762939453,14.423894882202148,2815300
2019-09-23,17.399999618530273,17.450000762939453,16.950000762939453,16.950000762939453,14.010601997375488,1325400
2019-09-24,17.0,17.420000076293945,16.969999313354492,17.09000015258789,14.126324653625488,1031000
2019-09-25,17.049999237060547,17.540000915527344,17.030000686645508,17.3799991607666,14.366032600402832,865800
2019-09-26,17.440000534057617,17.59000015258789,17.25,17.440000534057617,14.415629386901855,822900
2019-09-27,17.440000534057617,17.649999618530273,17.079999923706055,17.139999389648438,14.167652130126953,693700
2019-09-30,17.18000030517578,17.459999084472656,17.1299991607666,17.34000015258789,14.332969665527344,665300
2019-10-01,17.389999389648438,17.559999465942383,16.31999969482422,16.31999969482422,13.489852905273438,1836400
2019-10-02,16.31999969482422,16.34000015258789,15.770000457763672,15.979999542236328,13.208815574645996,1223700
2019-10-03,15.949999809265137,16.149999618530273,15.510000228881836,15.550000190734863,12.853384017944336,1386700
2019-10-04,15.5600004196167,15.890000343322754,15.520000457763672,15.869999885559082,13.117890357971191,950200
2019-10-07,15.6899995803833,16.06999969482422,15.680000305175781,15.6899995803833,12.96910572052002,815900
2019-10-08,15.550000190734863,15.729999542236328,15.25,15.420000076293945,12.745927810668945,1061200
2019-10-09,15.5,15.59000015258789,15.149999618530273,15.15999984741211,12.53101634979248,691100
2019-10-10,15.140000343322754,15.199999809265137,14.680000305175781,14.779999732971191,12.216913223266602,1344800
2019-10-11,14.9399995803833,15.670000076293945,14.800000190734863,15.3100004196167,12.655004501342773,1302700
2019-10-14,15.210000038146973,15.789999961853027,15.170000076293945,15.680000305175781,12.960840225219727,1014300
2019-10-15,15.720000267028809,16.030000686645508,15.59000015258789,15.609999656677246,12.902978897094727,889200
2019-10-16,15.609999656677246,15.789999961853027,15.109999656677246,15.350000381469727,12.688067436218262,1156400
2019-10-17,15.329999923706055,15.609999656677246,15.270000457763672,15.579999923706055,12.878182411193848,839900
2019-10-18,15.489999771118164,15.579999923706055,15.420000076293945,15.470000267028809,12.787257194519043,891300
2019-10-21,15.479999542236328,16.100000381469727,15.479999542236328,16.0,13.225346565246582,1313400
2019-10-22,16.0,16.40999984741211,15.979999542236328,16.219999313354492,13.407194137573242,1274700
2019-10-23,16.290000915527344,16.719999313354492,16.110000610351562,16.709999084472656,13.812220573425293,1622700
2019-10-24,16.3799991607666,16.399999618530273,15.729999542236328,15.789999961853027,13.437768936157227,1186200
2019-10-25,15.770000457763672,16.030000686645508,15.699999809265137,15.949999809265137,13.573933601379395,465800
2019-10-28,15.9399995803833,16.020000457763672,15.539999961853027,15.539999961853027,13.225011825561523,1042600
2019-10-29,15.539999961853027,15.649999618530273,15.350000381469727,15.579999923706055,13.259051322937012,638900
2019-10-30,15.59000015258789,15.649999618530273,15.260000228881836,15.390000343322754,13.097356796264648,696400
2019-10-31,15.390000343322754,15.40999984741211,15.0600004196167,15.220000267028809,12.952682495117188,821000
2019-11-01,15.270000457763672,15.619999885559082,15.270000457763672,15.619999885559082,13.293092727661133,721000
2019-11-04,15.710000038146973,15.960000038146973,15.569999694824219,15.960000038146973,13.582443237304688,1181100
2019-11-05,16.139999389648438,16.31999969482422,15.300000190734863,15.399999618530273,13.105865478515625,1853000
2019-11-06,15.529999732971191,15.640000343322754,15.029999732971191,15.039999961853027,12.799495697021484,1438500
2019-11-07,15.15999984741211,15.369999885559082,14.930000305175781,15.0,12.765454292297363,1024600
2019-11-08,15.039999961853027,15.3100004196167,14.899999618530273,15.170000076293945,12.910128593444824,689700
2019-11-11,15.020000457763672,15.1899995803833,14.779999732971191,14.930000305175781,12.70588207244873,916200
2019-11-12,14.9399995803833,15.260000228881836,14.720000267028809,14.720000267028809,12.527165412902832,1106500
2019-11-13,14.699999809265137,14.920000076293945,14.5,14.529999732971191,12.365469932556152,1242700
2019-11-14,14.529999732971191,14.729999542236328,14.479999542236328,14.539999961853027,12.373981475830078,908800
2019-11-15,14.630000114440918,14.699999809265137,14.449999809265137,14.489999771118164,12.331428527832031,814600
2019-11-18,14.489999771118164,14.770000457763672,14.460000038146973,14.640000343322754,12.459083557128906,1037500
2019-11-19,14.739999771118164,14.800000190734863,14.470000267028809,14.5,12.33993911743164,706800
2019-11-20,14.470000267028809,14.5600004196167,14.1899995803833,14.319999694824219,12.186753273010254,1083500
2019-11-21,14.270000457763672,14.329999923706055,13.880000114440918,13.979999542236328,11.8974027633667,1341300
2019-11-22,14.029999732971191,14.149999618530273,13.859999656677246,14.0,11.914423942565918,883000
2019-11-25,14.039999961853027,14.149999618530273,13.869999885559082,13.890000343322754,11.820810317993164,1145200
2019-11-26,13.880000114440918,14.119999885559082,13.779999732971191,13.960000038146973,11.880383491516113,1098900
2019-11-27,13.989999771118164,14.239999771118164,13.920000076293945,14.180000305175781,12.067609786987305,949800
2019-11-29,14.180000305175781,14.220000267028809,13.859999656677246,13.859999656677246,11.795279502868652,558800
2019-12-02,13.880000114440918,14.079999923706055,13.680000305175781,13.680000305175781,11.642095565795898,1281900
2019-12-03,13.65999984741211,13.680000305175781,13.420000076293945,13.5600004196167,11.539971351623535,1572800
2019-12-04,13.640000343322754,13.829999923706055,13.640000343322754,13.699999809265137,11.659114837646484,2215200
2019-12-05,13.6899995803833,13.75,13.279999732971191,13.3100004196167,11.327213287353516,1554800
2019-12-06,13.369999885559082,13.770000457763672,13.369999885559082,13.489999771118164,11.480399131774902,2430700
2019-12-09,13.640000343322754,14.130000114440918,13.600000381469727,14.09000015258789,11.99101734161377,3287000
2019-12-10,14.100000381469727,14.25,13.930000305175781,14.0,11.914423942565918,909500
2019-12-11,14.079999923706055,14.100000381469727,13.859999656677246,13.90999984741211,11.837831497192383,1072700
2019-12-12,13.920000076293945,14.289999961853027,13.90999984741211,14.1899995803833,12.076120376586914,969000
2019-12-13,14.319999694824219,14.670000076293945,14.3100004196167,14.65999984741211,12.476103782653809,2219600
2019-12-16,14.960000038146973,15.420000076293945,14.930000305175781,15.109999656677246,12.8590669631958,2521200
2019-12-17,15.140000343322754,15.850000381469727,15.140000343322754,15.760000228881836,13.412238121032715,2524600
2019-12-18,15.800000190734863,16.18000030517578,15.789999961853027,15.800000190734863,13.446279525756836,1735700
2019-12-19,15.880000114440918,16.350000381469727,15.880000114440918,16.229999542236328,13.812220573425293,1546900
2019-12-20,16.229999542236328,16.579999923706055,16.110000610351562,16.440000534057617,13.990939140319824,3666300
2019-12-23,16.709999084472656,16.850000381469727,16.450000762939453,16.790000915527344,14.288799285888672,1552800
2019-12-24,16.950000762939453,16.969999313354492,16.700000762939453,16.790000915527344,14.288799285888672,730900
2019-12-26,16.959999084472656,17.15999984741211,16.899999618530273,17.09000015258789,14.544106483459473,919800
2019-12-27,17.190000534057617,17.229999542236328,16.790000915527344,16.829999923706055,14.32283878326416,1325000
2019-12-30,16.850000381469727,16.940000534057617,16.549999237060547,16.75,14.25475788116455,1309600
2019-12-31,16.6200008392334,16.8799991607666,16.559999465942383,16.610000610351562,14.135614395141602,1385200
2020-01-02,16.700000762939453,16.700000762939453,16.40999984741211,16.579999923706055,14.110081672668457,1093500
2020-01-03,16.420000076293945,16.520000457763672,16.020000457763672,16.020000457763672,13.633506774902344,1282300
2020-01-06,15.90999984741211,16.059999465942383,15.609999656677246,15.819999694824219,13.463298797607422,1179600
2020-01-07,15.800000190734863,15.800000190734863,15.420000076293945,15.6899995803833,13.352665901184082,1288800
2020-01-08,15.630000114440918,15.859999656677246,15.470000267028809,15.670000076293945,13.335644721984863,1109500
2020-01-09,15.65999984741211,15.739999771118164,15.149999618530273,15.279999732971191,13.003743171691895,1351300
2020-01-10,15.279999732971191,15.4399995803833,15.119999885559082,15.319999694824219,13.0377836227417,1087800
2020-01-13,15.359999656677246,15.899999618530273,15.319999694824219,15.720000267028809,13.378196716308594,984800
2020-01-14,15.6899995803833,15.84000015258789,15.569999694824219,15.779999732971191,13.429258346557617,701400
2020-01-15,15.850000381469727,16.3799991607666,15.819999694824219,16.09000015258789,13.693077087402344,1398900
2020-01-16,16.219999313354492,16.649999618530273,16.209999084472656,16.350000381469727,13.914345741271973,761300
2020-01-17,16.40999984741211,16.549999237060547,16.059999465942383,16.100000381469727,13.70158863067627,830800
2020-01-21,16.110000610351562,16.139999389648438,15.619999885559082,16.049999237060547,13.659035682678223,1035400
2020-01-22,16.190000534057617,16.309999465942383,16.110000610351562,16.270000457763672,13.846264839172363,655800
2020-01-23,16.239999771118164,16.43000030517578,15.880000114440918,16.350000381469727,13.914345741271973,882100
2020-01-24,16.34000015258789,16.350000381469727,16.110000610351562,16.200000762939453,13.786690711975098,669900
2020-01-27,16.010000228881836,16.149999618530273,15.899999618530273,16.020000457763672,13.633506774902344,1069800
2020-01-28,16.149999618530273,16.649999618530273,16.06999969482422,16.6299991607666,14.152633666992188,692800
2020-01-29,16.670000076293945,16.799999237060547,16.18000030517578,16.200000762939453,13.786690711975098,799800
2020-01-30,16.06999969482422,16.260000228881836,15.920000076293945,16.239999771118164,13.820732116699219,525600
2020-01-31,16.1299991607666,16.200000762939453,15.75,15.800000190734863,13.446279525756836,1005100
2020-02-03,15.859999656677246,16.399999618530273,15.859999656677246,16.209999084472656,13.79520034790039,902900
2020-02-04,16.3799991607666,16.6200008392334,16.209999084472656,16.309999465942383,13.880303382873535,1154000
2020-02-05,16.40999984741211,17.010000228881836,16.3799991607666,16.8700008392334,14.356882095336914,1037000
2020-02-06,17.049999237060547,17.100000381469727,16.8700008392334,16.8799991607666,14.365391731262207,922400
2020-02-07,16.940000534057617,17.0,16.690000534057617,16.700000762939453,14.212206840515137,678200
2020-02-10,16.729999542236328,17.3799991607666,16.729999542236328,17.31999969482422,14.739843368530273,1206100
2020-02-11,17.459999084472656,17.56999969482422,17.360000610351562,17.399999618530273,14.807928085327148,946700
2020-02-12,17.6299991607666,18.420000076293945,17.510000228881836,17.760000228881836,15.114297866821289,2264700
2020-02-13,17.260000228881836,17.600000381469727,16.729999542236328,17.440000534057617,15.25424575805664,1410100
2020-02-14,17.479999542236328,17.610000610351562,17.06999969482422,17.25,15.088056564331055,1087600
2020-02-18,17.1299991607666,17.290000915527344,16.8799991607666,17.260000228881836,15.096803665161133,869000
2020-02-19,17.31999969482422,17.520000457763672,16.920000076293945,16.93000030517578,14.8081636428833,917400
2020-02-20,16.920000076293945,17.25,16.899999618530273,17.18000030517578,15.026830673217773,682900
2020-02-21,17.200000762939453,17.530000686645508,17.1200008392334,17.34000015258789,15.166777610778809,736200
2020-02-24,16.93000030517578,17.1299991607666,16.809999465942383,16.81999969482422,14.71195125579834,1193600
2020-02-25,16.770000457763672,16.799999237060547,15.5,15.640000343322754,13.679839134216309,1840400
2020-02-26,15.819999694824219,16.43000030517578,15.550000190734863,16.1200008392334,14.09968090057373,1360200
2020-02-27,16.15999984741211,16.649999618530273,15.6899995803833,15.800000190734863,13.81978702545166,1887500
2020-02-28,15.390000343322754,15.489999771118164,14.34000015258789,14.640000343322754,12.805169105529785,3053600
2020-03-02,15.0,16.549999237060547,14.850000381469727,16.520000457763672,14.449549674987793,2509700
2020-03-03,16.530000686645508,17.020000457763672,15.819999694824219,16.020000457763672,14.012214660644531,1619800
2020-03-04,16.40999984741211,17.09000015258789,16.299999237060547,16.899999618530273,14.781922340393066,1487000
2020-03-05,16.5,17.219999313354492,16.43000030517578,16.989999771118164,14.860644340515137,1385400
2020-03-06,16.350000381469727,17.030000686645508,16.1200008392334,16.780000686645508,14.676963806152344,1218200
2020-03-09,15.609999656677246,16.649999618530273,15.09000015258789,15.890000343322754,13.898508071899414,1750000
2020-03-10,16.3799991607666,16.479999542236328,14.789999961853027,15.199999809265137,13.294983863830566,2209800
2020-03-11,14.869999885559082,15.0,13.279999732971191,13.3100004196167,11.641858100891113,3172600
2020-03-12,11.640000343322754,12.5,10.529999732971191,11.239999771118164,9.831291198730469,3160100
2020-03-13,12.539999961853027,12.75,11.25,12.739999771118164,11.143295288085938,2476200
2020-03-16,11.380000114440918,13.550000190734863,11.140000343322754,12.729999542236328,11.13454818725586,2112000
2020-03-17,13.0600004196167,14.220000267028809,12.470000267028809,13.800000190734863,12.070446968078613,2813300
2020-03-18,12.920000076293945,13.130000114440918,11.300000190734863,11.880000114440918,10.391079902648926,2771700
2020-03-19,11.739999771118164,12.25,10.600000381469727,12.170000076293945,10.644734382629395,2488800
2020-03-20,12.609999656677246,12.630000114440918,11.5,11.6899995803833,10.224891662597656,2089600
2020-03-23,11.5,11.600000381469727,9.949999809265137,10.0600004196167,8.799180030822754,2450500
2020-03-24,10.949999809265137,11.5,10.029999732971191,10.729999542236328,9.385209083557129,1800800
2020-03-25,10.890000343322754,11.819999694824219,10.539999961853027,11.25,9.840038299560547,1732200
2020-03-26,11.600000381469727,12.270000457763672,11.140000343322754,11.699999809265137,10.233638763427734,1495700
2020-03-27,11.289999961853027,11.90999984741211,11.0,11.420000076293945,9.988731384277344,995500
2020-03-30,11.4399995803833,11.979999542236328,11.029999732971191,11.680000305175781,10.216145515441895,1191000
2020-03-31,11.84000015258789,12.279999732971191,11.510000228881836,12.15999984741211,10.635986328125,1455100
2020-04-01,11.350000381469727,11.850000381469727,11.010000228881836,11.670000076293945,10.207398414611816,1461200
2020-04-02,11.600000381469727,11.760000228881836,10.899999618530273,11.420000076293945,9.988731384277344,1404700
2020-04-03,11.260000228881836,11.3100004196167,10.260000228881836,10.779999732971191,9.428942680358887,1412300
2020-04-06,11.600000381469727,12.279999732971191,11.380000114440918,11.930000305175781,10.434813499450684,1341800
2020-04-07,12.5,13.039999961853027,11.720000267028809,11.829999923706055,10.347346305847168,1786700
2020-04-08,12.430000305175781,12.649999618530273,11.850000381469727,12.470000267028809,10.907135009765625,1200700
2020-04-09,13.140000343322754,13.989999771118164,12.8100004196167,13.960000038146973,12.210393905639648,2089700
2020-04-13,14.489999771118164,14.710000038146973,13.800000190734863,14.569999694824219,12.743942260742188,1883000
2020-04-14,15.100000381469727,15.449999809265137,14.619999885559082,15.130000114440918,13.233757972717285,1702000
2020-04-15,14.75,15.069999694824219,14.100000381469727,14.510000228881836,12.691462516784668,2082900
2020-04-16,13.899999618530273,14.109999656677246,12.619999885559082,12.6899995803833,11.479305267333984,2224000
2020-04-17,13.260000228881836,13.449999809265137,12.59000015258789,12.880000114440918,11.651178359985352,1794500
2020-04-20,12.65999984741211,12.970000267028809,12.239999771118164,12.270000457763672,11.09937572479248,1107300
2020-04-21,11.899999618530273,12.470000267028809,11.75,11.970000267028809,10.827997207641602,955400
2020-04-22,12.260000228881836,12.539999961853027,11.729999542236328,11.800000190734863,10.674215316772461,1281700
2020-04-23,11.800000190734863,11.949999809265137,11.300000190734863,11.430000305175781,10.339516639709473,1549400
2020-04-24,11.6899995803833,11.800000190734863,11.4399995803833,11.710000038146973,10.592803001403809,1010300
2020-04-27,11.699999809265137,12.380000114440918,11.609999656677246,12.149999618530273,10.990822792053223,1343900
2020-04-28,12.600000381469727,12.90999984741211,12.239999771118164,12.75,11.533581733703613,1027300
2020-04-29,13.15999984741211,13.600000381469727,12.979999542236328,13.319999694824219,12.049199104309082,1665500
2020-04-30,12.8100004196167,13.140000343322754,12.15999984741211,12.680000305175781,11.470259666442871,2553600
2020-05-01,12.1899995803833,12.229999542236328,11.350000381469727,11.760000228881836,10.638031959533691,2285600
2020-05-04,11.479999542236328,11.710000038146973,11.319999694824219,11.600000381469727,10.493297576904297,1441900
2020-05-05,11.84000015258789,11.850000381469727,11.4399995803833,11.569999694824219,10.466158866882324,1660300
2020-05-06,11.6899995803833,11.710000038146973,11.050000190734863,11.199999809265137,10.13145923614502,1824100
2020-05-07,11.4399995803833,11.529999732971191,11.020000457763672,11.109999656677246,10.050045013427734,1448800
2020-05-08,11.350000381469727,11.65999984741211,11.239999771118164,11.5,10.402837753295898,2087600
2020-05-11,11.6899995803833,12.029999732971191,11.529999732971191,11.649999618530273,10.53852653503418,2854300
2020-05-12,11.720000267028809,11.829999923706055,11.199999809265137,11.199999809265137,10.13145923614502,1784400
2020-05-13,11.1899995803833,11.25,10.510000228881836,10.600000381469727,9.588703155517578,2397800
2020-05-14,10.5,10.6899995803833,10.180000305175781,10.40999984741211,9.416828155517578,1945000
2020-05-15,10.239999771118164,10.420000076293945,10.069999694824219,10.359999656677246,9.371599197387695,1419000
2020-05-18,10.859999656677246,11.34000015258789,10.829999923706055,11.270000457763672,10.194781303405762,2353400
2020-05-19,11.300000190734863,11.350000381469727,10.760000228881836,10.760000228881836,9.733436584472656,1719900
2020-05-20,10.989999771118164,11.210000038146973,10.829999923706055,10.970000267028809,9.923401832580566,3062800
2020-05-21,10.989999771118164,11.319999694824219,10.880000114440918,11.220000267028809,10.149551391601562,1790100
2020-05-22,11.1899995803833,11.239999771118164,10.819999694824219,11.199999809265137,10.13145923614502,1638800
2020-05-26,11.75,12.350000381469727,11.6899995803833,12.220000267028809,11.054145812988281,2241900
2020-05-27,12.649999618530273,13.100000381469727,12.180000305175781,13.09000015258789,11.841142654418945,1892000
2020-05-28,13.199999809265137,13.350000381469727,12.3100004196167,12.380000114440918,11.198880195617676,1760300
2020-05-29,12.140000343322754,12.210000038146973,11.680000305175781,11.979999542236328,10.837042808532715,1706800
2020-06-01,12.119999885559082,12.920000076293945,12.020000457763672,12.670000076293945,11.461213111877441,1701700
2020-06-02,12.859999656677246,13.09000015258789,12.470000267028809,12.600000381469727,11.397891998291016,1873300
2020-06-03,12.9399995803833,13.600000381469727,12.930000305175781,13.289999961853027,12.022061347961426,1630300
2020-06-04,13.289999961853027,13.369999885559082,12.859999656677246,13.300000190734863,12.031107902526855,1392500
2020-06-05,13.899999618530273,14.369999885559082,13.75,13.869999885559082,12.546727180480957,1943000
2020-06-08,14.300000190734863,14.779999732971191,14.0,14.470000267028809,13.089483261108398,1615200
2020-06-09,14.050000190734863,14.8100004196167,13.869999885559082,14.670000076293945,13.270401954650879,1453100
2020-06-10,14.520000457763672,14.529999732971191,13.420000076293945,13.619999885559082,12.320577621459961,1423200
2020-06-11,12.710000038146973,12.960000038146973,12.09000015258789,12.229999542236328,11.063190460205078,2440100
2020-06-12,13.050000190734863,13.270000457763672,12.300000190734863,12.699999809265137,11.488350868225098,2003800
2020-06-15,12.100000381469727,13.140000343322754,12.020000457763672,12.949999809265137,11.714499473571777,1603600
2020-06-16,13.569999694824219,13.75,12.899999618530273,13.199999809265137,11.94064712524414,1077800
2020-06-17,12.899999618530273,12.9399995803833,11.880000114440918,12.170000076293945,11.008915901184082,5135700
2020-06-18,12.029999732971191,12.25,12.0,12.100000381469727,10.945594787597656,1199700
2020-06-19,12.229999542236328,12.239999771118164,11.5600004196167,11.829999923706055,10.701354026794434,3983400
2020-06-22,11.800000190734863,12.210000038146973,11.460000038146973,12.1899995803833,11.027008056640625,1693200
2020-06-23,12.279999732971191,12.34000015258789,11.75,11.859999656677246,10.72849178314209,2397600
2020-06-24,11.640000343322754,11.6899995803833,11.119999885559082,11.489999771118164,10.393792152404785,2035800
2020-06-25,11.449999809265137,11.649999618530273,11.229999542236328,11.449999809265137,10.3576078414917,1553700
2020-06-26,11.369999885559082,11.40999984741211,10.949999809265137,11.079999923706055,10.022908210754395,4277700
2020-06-29,11.329999923706055,11.640000343322754,11.140000343322754,11.449999809265137,10.3576078414917,1934200
2020-06-30,11.329999923706055,11.979999542236328,11.329999923706055,11.829999923706055,10.701354026794434,1816000
2020-07-01,11.890000343322754,12.079999923706055,11.609999656677246,11.829999923706055,10.701354026794434,1497500
2020-07-02,12.0,12.130000114440918,11.640000343322754,11.770000457763672,10.647078514099121,1263200
2020-07-06,12.050000190734863,12.079999923706055,11.25,11.279999732971191,10.203826904296875,1987500
2020-07-07,11.59000015258789,11.800000190734863,11.369999885559082,11.489999771118164,10.393792152404785,2175800
2020-07-08,11.600000381469727,11.720000267028809,11.449999809265137,11.6899995803833,10.57470989227295,1935400
2020-07-09,11.800000190734863,11.800000190734863,11.210000038146973,11.359999656677246,10.27619457244873,1752900
2020-07-10,11.359999656677246,11.869999885559082,11.350000381469727,11.859999656677246,10.72849178314209,1499200
2020-07-13,11.989999771118164,12.1899995803833,11.739999771118164,11.880000114440918,10.746582984924316,2374600
2020-07-14,11.930000305175781,12.0,11.789999961853027,11.90999984741211,10.773720741271973,1850300
2020-07-15,12.210000038146973,12.319999694824219,12.020000457763672,12.149999618530273,10.990822792053223,3525400
2020-07-16,11.600000381469727,11.770000457763672,11.520000457763672,11.670000076293945,10.990823745727539,1961500
2020-07-17,11.640000343322754,11.640000343322754,11.4399995803833,11.489999771118164,10.821300506591797,1003600
2020-07-20,11.390000343322754,11.399999618530273,10.819999694824219,10.819999694824219,10.190292358398438,2466900
2020-07-21,10.90999984741211,11.229999542236328,10.819999694824219,11.0600004196167,10.416325569152832,1965200
2020-07-22,11.020000457763672,11.319999694824219,10.9399995803833,11.15999984741211,10.510505676269531,1340900
2020-07-23,11.069999694824219,11.109999656677246,10.899999618530273,11.0600004196167,10.416325569152832,1281600
2020-07-24,11.100000381469727,11.130000114440918,10.770000457763672,10.789999961853027,10.162038803100586,1796100
2020-07-27,10.75,10.84000015258789,10.569999694824219,10.75,10.124366760253906,1591300
2020-07-28,10.699999809265137,10.9399995803833,10.640000343322754,10.75,10.124366760253906,1514600
2020-07-29,10.84000015258789,10.84000015258789,10.579999923706055,10.720000267028809,10.096113204956055,1100400
2020-07-30,10.600000381469727,10.739999771118164,10.510000228881836,10.600000381469727,9.983097076416016,1034800
2020-07-31,10.600000381469727,10.630000114440918,10.399999618530273,10.630000114440918,10.011350631713867,1762200
2020-08-03,10.59000015258789,11.260000228881836,10.40999984741211,11.0,10.359817504882812,5349100
2020-08-04,11.09000015258789,11.449999809265137,10.8100004196167,11.40999984741211,10.745955467224121,2827900
2020-08-05,11.449999809265137,11.579999923706055,11.039999961853027,11.4399995803833,10.774209022521973,3821800
2020-08-06,10.800000190734863,11.199999809265137,10.350000381469727,10.680000305175781,10.058441162109375,4984900
2020-08-07,10.600000381469727,10.789999961853027,10.399999618530273,10.670000076293945,10.049023628234863,2331300
2020-08-10,10.6899995803833,10.970000267028809,10.579999923706055,10.890000343322754,10.256219863891602,1639100
2020-08-11,11.069999694824219,11.470000267028809,11.029999732971191,11.09000015258789,10.444579124450684,1661100
2020-08-12,11.220000267028809,11.4399995803833,11.15999984741211,11.279999732971191,10.62352180480957,1057900
2020-08-13,11.140000343322754,11.210000038146973,10.970000267028809,11.010000228881836,10.36923599243164,1187600
2020-08-14,10.949999809265137,11.25,10.949999809265137,11.15999984741211,10.510505676269531,1219100
2020-08-17,11.109999656677246,11.260000228881836,11.050000190734863,11.25,10.595268249511719,872500
2020-08-18,11.1899995803833,11.1899995803833,10.890000343322754,10.9399995803833,10.303308486938477,1297800
2020-08-19,10.930000305175781,10.970000267028809,10.760000228881836,10.859999656677246,10.227964401245117,1126700
2020-08-20,10.800000190734863,11.029999732971191,10.699999809265137,10.859999656677246,10.227964401245117,841000
2020-08-21,10.779999732971191,10.880000114440918,10.609999656677246,10.819999694824219,10.190292358398438,1369200
2020-08-24,10.880000114440918,11.180000305175781,10.770000457763672,11.170000076293945,10.51992416381836,1068200
2020-08-25,11.199999809265137,11.239999771118164,11.029999732971191,11.140000343322754,10.491670608520508,925100
2020-08-26,11.109999656677246,11.149999618530273,10.90999984741211,11.010000228881836,10.36923599243164,890800
2020-08-27,11.010000228881836,11.239999771118164,11.0,11.119999885559082,10.472833633422852,1064100
2020-08-28,11.199999809265137,11.199999809265137,10.979999542236328,11.15999984741211,10.510505676269531,742900
2020-08-31,11.1899995803833,11.460000038146973,11.119999885559082,11.15999984741211,10.510505676269531,1553600
2020-09-01,11.100000381469727,11.140000343322754,10.989999771118164,11.079999923706055,10.435161590576172,1111700
2020-09-02,11.050000190734863,11.130000114440918,10.90999984741211,11.09000015258789,10.444579124450684,1031800
2020-09-03,11.100000381469727,11.34000015258789,11.020000457763672,11.109999656677246,10.463415145874023,1381300
2020-09-04,11.199999809265137,11.260000228881836,10.770000457763672,11.020000457763672,10.378654479980469,1333500
2020-09-08,11.029999732971191,11.069999694824219,10.760000228881836,10.9399995803833,10.303308486938477,1575700
2020-09-09,11.010000228881836,11.220000267028809,10.880000114440918,11.170000076293945,10.51992416381836,1243200
2020-09-10,11.180000305175781,11.180000305175781,10.9399995803833,10.960000038146973,10.322145462036133,842700
2020-09-11,10.989999771118164,10.989999771118164,10.779999732971191,10.899999618530273,10.265637397766113,920800
2020-09-14,11.050000190734863,11.260000228881836,10.960000038146973,11.239999771118164,10.58584976196289,1089100
2020-09-15,11.300000190734863,11.460000038146973,11.25,11.420000076293945,10.75537395477295,1042500
2020-09-16,11.479999542236328,11.59000015258789,11.399999618530273,11.4399995803833,10.774209022521973,966000
2020-09-17,11.289999961853027,11.59000015258789,11.130000114440918,11.399999618530273,10.73653793334961,1210800
2020-09-18,11.449999809265137,11.449999809265137,11.180000305175781,11.229999542236328,10.576431274414062,3033900
2020-09-21,11.100000381469727,11.119999885559082,10.75,10.75,10.124366760253906,1836100
2020-09-22,10.829999923706055,11.050000190734863,10.800000190734863,10.9399995803833,10.303308486938477,1124800
2020-09-23,11.0,11.140000343322754,10.65999984741211,10.65999984741211,10.039605140686035,1340100
2020-09-24,10.6899995803833,10.90999984741211,10.4399995803833,10.699999809265137,10.077277183532715,1415700
2020-09-25,10.710000038146973,11.0,10.630000114440918,10.979999542236328,10.340980529785156,1181500
2020-09-28,11.100000381469727,11.579999923706055,11.079999923706055,11.520000457763672,10.849555015563965,1778500
2020-09-29,11.489999771118164,11.65999984741211,11.220000267028809,11.350000381469727,10.689448356628418,1101900
2020-09-30,11.300000190734863,11.680000305175781,11.239999771118164,11.34000015258789,10.68002986907959,1024000
2020-10-01,11.350000381469727,11.579999923706055,11.260000228881836,11.569999694824219,10.89664363861084,1112100
2020-10-02,11.270000457763672,11.710000038146973,11.270000457763672,11.6899995803833,11.009659767150879,1016100
2020-10-05,11.829999923706055,11.949999809265137,11.210000038146973,11.3100004196167,10.651776313781738,2049200
2020-10-06,11.359999656677246,11.510000228881836,11.15999984741211,11.210000038146973,10.557595252990723,1984300
2020-10-07,11.399999618530273,11.479999542236328,11.289999961853027,11.369999885559082,10.708284378051758,1015300
2020-10-08,11.380000114440918,11.4399995803833,11.1899995803833,11.279999732971191,10.62352180480957,1912700
2020-10-09,11.319999694824219,11.489999771118164,11.100000381469727,11.260000228881836,10.60468578338623,2480600
2020-10-12,11.300000190734863,11.34000015258789,11.119999885559082,11.170000076293945,10.51992416381836,1696200
2020-10-13,11.149999618530273,11.229999542236328,11.119999885559082,11.199999809265137,10.548177719116211,1594600
2020-10-14,11.25,11.479999542236328,11.1899995803833,11.270000457763672,10.614104270935059,2091300
2020-10-15,10.850000381469727,11.0,10.779999732971191,10.880000114440918,10.56554889678955,1354600
2020-10-16,10.829999923706055,10.859999656677246,10.600000381469727,10.720000267028809,10.410173416137695,1696200
2020-10-19,10.770000457763672,10.789999961853027,10.279999732971191,10.289999961853027,9.992600440979004,2052400
2020-10-20,10.40999984741211,10.5,10.100000381469727,10.109999656677246,9.817803382873535,2239800
2020-10-21,10.119999885559082,10.149999618530273,9.050000190734863,9.0600004196167,8.798150062561035,5613400
2020-10-22,9.220000267028809,9.220000267028809,8.529999732971191,8.960000038146973,8.701040267944336,7510900
2020-10-23,9.199999809265137,9.539999961853027,8.960000038146973,9.0,8.739884376525879,3844800
2020-10-26,8.9399995803833,8.989999771118164,8.529999732971191,8.630000114440918,8.38057804107666,3251400
2020-10-27,8.59000015258789,8.699999809265137,8.239999771118164,8.279999732971191,8.040693283081055,2911500
2020-10-28,8.0600004196167,8.260000228881836,8.0,8.109999656677246,7.875606536865234,2720200
2020-10-29,8.350000381469727,8.9399995803833,8.100000381469727,8.880000114440918,8.62335205078125,3625400
2020-10-30,8.75,9.100000381469727,8.75,8.859999656677246,8.603930473327637,2434200
2020-11-02,8.890000343322754,9.5,8.760000228881836,9.4399995803833,9.167166709899902,3621200
2020-11-03,9.609999656677246,9.789999961853027,9.3100004196167,9.760000228881836,9.47791862487793,3392900
2020-11-04,9.579999923706055,9.579999923706055,8.3100004196167,8.729999542236328,8.477686882019043,8274100
2020-11-05,8.489999771118164,8.600000381469727,8.149999618530273,8.15999984741211,7.924161434173584,5573900
2020-11-06,8.329999923706055,8.729999542236328,8.270000457763672,8.449999809265137,8.205780029296875,8674400
2020-11-09,8.800000190734863,9.109999656677246,8.34000015258789,8.399999618530273,8.157224655151367,6220700
2020-11-10,8.449999809265137,9.039999961853027,8.449999809265137,8.710000038146973,8.45826530456543,4310200
2020-11-11,8.779999732971191,9.119999885559082,8.640000343322754,9.0,8.739884376525879,3681600
2020-11-12,9.0,9.09000015258789,8.479999542236328,8.5,8.254335403442383,25474300
2020-11-13,8.59000015258789,8.989999771118164,8.59000015258789,8.949999809265137,8.691329002380371,2983900
2020-11-16,9.119999885559082,9.520000457763672,9.109999656677246,9.420000076293945,9.147745132446289,2762700
2020-11-17,9.350000381469727,9.710000038146973,9.239999771118164,9.529999732971191,9.254566192626953,2062700
2020-11-18,9.510000228881836,9.630000114440918,9.390000343322754,9.390000343322754,9.118613243103027,2415300
2020-11-19,9.369999885559082,9.640000343322754,9.260000228881836,9.449999809265137,9.176877975463867,1999100
2020-11-20,9.380000114440918,9.489999771118164,9.270000457763672,9.449999809265137,9.176877975463867,1403500
2020-11-23,9.399999618530273,9.5600004196167,9.289999961853027,9.390000343322754,9.118613243103027,2880900
2020-11-24,9.479999542236328,9.890000343322754,9.479999542236328,9.630000114440918,9.351675987243652,3667300
2020-11-25,9.630000114440918,9.739999771118164,9.399999618530273,9.619999885559082,9.341964721679688,2076000
2020-11-27,9.720000267028809,9.770000457763672,9.539999961853027,9.710000038146973,9.429364204406738,795800
2020-11-30,9.6899995803833,9.829999923706055,9.4399995803833,9.449999809265137,9.176877975463867,2345500
2020-12-01,9.539999961853027,9.65999984741211,9.470000267028809,9.550000190734863,9.273988723754883,2078700
2020-12-02,9.539999961853027,9.770000457763672,9.520000457763672,9.670000076293945,9.390520095825195,1258600
2020-12-03,9.739999771118164,10.029999732971191,9.630000114440918,9.630000114440918,9.351675987243652,4415900
2020-12-04,9.819999694824219,10.010000228881836,9.770000457763672,10.010000228881836,9.720693588256836,1905600
2020-12-07,10.0,10.050000190734863,9.710000038146973,9.710000038146973,9.429364204406738,2002400
2020-12-08,9.699999809265137,9.829999923706055,9.630000114440918,9.65999984741211,9.38080883026123,2076500
2020-12-09,9.699999809265137,9.779999732971191,9.380000114440918,9.40999984741211,9.138033866882324,2808400
2020-12-10,9.300000190734863,9.479999542236328,9.270000457763672,9.350000381469727,9.079769134521484,1994800
2020-12-11,9.329999923706055,9.470000267028809,9.279999732971191,9.430000305175781,9.157456398010254,1523000
2020-12-14,9.470000267028809,9.760000228881836,9.460000038146973,9.65999984741211,9.38080883026123,2569600
2020-12-15,9.65999984741211,9.65999984741211,9.430000305175781,9.579999923706055,9.303121566772461,2177200
2020-12-16,9.630000114440918,9.800000190734863,9.449999809265137,9.489999771118164,9.21572208404541,2466400
2020-12-17,9.489999771118164,9.619999885559082,9.40999984741211,9.470000267028809,9.196300506591797,1845800
2020-12-18,9.460000038146973,9.5600004196167,9.3100004196167,9.40999984741211,9.138033866882324,4588700
2020-12-21,9.329999923706055,9.350000381469727,9.079999923706055,9.170000076293945,8.9049711227417,2862700
2020-12-22,9.229999542236328,9.229999542236328,8.579999923706055,8.579999923706055,8.332022666931152,5814300
2020-12-23,8.680000305175781,8.880000114440918,8.569999694824219,8.8100004196167,8.555376052856445,2171200
2020-12-24,8.850000381469727,8.989999771118164,8.729999542236328,8.979999542236328,8.72046184539795,1107300
2020-12-28,8.989999771118164,9.100000381469727,8.869999885559082,9.039999961853027,8.778728485107422,2400300
2020-12-29,9.069999694824219,9.15999984741211,8.800000190734863,8.930000305175781,8.671907424926758,2629700
2020-12-30,8.9399995803833,9.09000015258789,8.930000305175781,9.0,8.739884376525879,2268800
2020-12-31,8.949999809265137,8.989999771118164,8.649999618530273,8.859999656677246,8.603930473327637,3259400
2021-01-04,8.899999618530273,9.109999656677246,8.720000267028809,8.75,8.497109413146973,3441900
2021-01-05,8.779999732971191,8.899999618530273,8.6899995803833,8.710000038146973,8.45826530456543,3029800
2021-01-06,8.619999885559082,8.680000305175781,8.149999618530273,8.630000114440918,8.38057804107666,9376800
2021-01-07,8.609999656677246,8.949999809265137,8.579999923706055,8.90999984741211,8.652484893798828,2921900
2021-01-08,8.989999771118164,9.010000228881836,8.59000015258789,8.680000305175781,8.429133415222168,2494600
2021-01-11,8.59000015258789,8.699999809265137,8.479999542236328,8.619999885559082,8.370866775512695,1786200
2021-01-12,8.670000076293945,8.899999618530273,8.600000381469727,8.869999885559082,8.613641738891602,1483800
2021-01-13,8.979999542236328,9.100000381469727,8.720000267028809,8.75,8.497109413146973,3421600
2021-01-14,8.859999656677246,9.020000457763672,8.829999923706055,8.960000038146973,8.701040267944336,3218400
2021-01-15,8.899999618530273,9.239999771118164,8.84000015258789,9.239999771118164,8.972947120666504,3449200
2021-01-19,9.3100004196167,9.3100004196167,9.010000228881836,9.079999923706055,8.817571640014648,3726700
2021-01-20,9.0,9.010000228881836,8.65999984741211,8.710000038146973,8.45826530456543,4741800
2021-01-21,8.710000038146973,8.880000114440918,8.399999618530273,8.649999618530273,8.399999618530273,4280200
2021-01-22,8.350000381469727,8.4399995803833,8.199999809265137,8.359999656677246,8.359999656677246,3383500
2021-01-25,8.319999694824219,8.350000381469727,7.989999771118164,8.039999961853027,8.039999961853027,7437300
2021-01-26,8.079999923706055,8.239999771118164,6.699999809265137,7.409999847412109,7.409999847412109,24404900
2021-01-27,7.21999979019165,8.65999984741211,7.110000133514404,8.619999885559082,8.619999885559082,13816400
2021-01-28,8.550000190734863,9.010000228881836,8.5,8.619999885559082,8.619999885559082,11178300
2021-01-29,8.6899995803833,9.170000076293945,8.25,8.9399995803833,8.9399995803833,7067400
2021-02-01,9.029999732971191,9.029999732971191,8.680000305175781,8.989999771118164,8.989999771118164,3183500
2021-02-02,8.970000267028809,8.979999542236328,8.609999656677246,8.739999771118164,8.739999771118164,4551600
2021-02-03,8.75,8.760000228881836,8.359999656677246,8.4399995803833,8.4399995803833,3222400
2021-02-04,8.479999542236328,8.649999618530273,8.300000190734863,8.489999771118164,8.489999771118164,2665700
2021-02-05,8.680000305175781,8.710000038146973,8.359999656677246,8.390000343322754,8.390000343322754,2293100
