Date,Open,High,Low,Close,Adj Close,Volume
2019-06-03,22.290000915527344,22.959999084472656,22.290000915527344,22.780000686645508,21.75157356262207,5025600
2019-06-04,23.100000381469727,24.059999465942383,23.100000381469727,24.030000686645508,22.94514274597168,4380700
2019-06-05,24.440000534057617,24.860000610351562,23.459999084472656,23.690000534057617,22.620492935180664,5745100
2019-06-06,23.530000686645508,23.6299991607666,22.540000915527344,22.709999084472656,21.684734344482422,5906600
2019-06-07,22.920000076293945,23.049999237060547,22.639999389648438,22.700000762939453,21.675188064575195,4001300
2019-06-10,22.829999923706055,22.84000015258789,21.450000762939453,21.81999969482422,20.83491325378418,7350500
2019-06-11,21.989999771118164,22.549999237060547,21.950000762939453,22.18000030517578,21.17866325378418,5495400
2019-06-12,22.18000030517578,22.270000457763672,21.760000228881836,21.84000015258789,20.8540096282959,2759400
2019-06-13,21.6299991607666,22.40999984741211,21.520000457763672,22.209999084472656,21.207307815551758,3896600
2019-06-14,22.239999771118164,22.649999618530273,21.8700008392334,22.510000228881836,21.493764877319336,5476000
2019-06-17,22.5,23.1299991607666,22.420000076293945,22.530000686645508,21.512863159179688,4353900
2019-06-18,22.6299991607666,23.440000534057617,22.579999923706055,22.860000610351562,21.82796287536621,5153500
2019-06-19,22.959999084472656,23.43000030517578,22.56999969482422,23.280000686645508,22.229001998901367,5143100
2019-06-20,23.559999465942383,24.020000457763672,23.3799991607666,23.920000076293945,22.840106964111328,5301100
2019-06-21,23.90999984741211,24.760000228881836,23.790000915527344,24.59000015258789,23.479862213134766,6480700
2019-06-24,24.579999923706055,24.950000762939453,24.260000228881836,24.469999313354492,23.365276336669922,4331200
2019-06-25,24.43000030517578,24.700000762939453,23.84000015258789,23.959999084472656,22.8783016204834,4588300
2019-06-26,24.040000915527344,24.850000381469727,23.889999389648438,24.799999237060547,23.680377960205078,4848000
2019-06-27,24.940000534057617,26.520000457763672,24.760000228881836,26.31999969482422,25.131757736206055,9312000
2019-06-28,26.260000228881836,26.709999084472656,26.020000457763672,26.100000381469727,24.921689987182617,7267700
2019-07-01,26.540000915527344,27.280000686645508,26.219999313354492,26.610000610351562,25.408666610717773,5705200
2019-07-02,26.540000915527344,26.799999237060547,26.100000381469727,26.190000534057617,25.007627487182617,3772600
2019-07-03,26.389999389648438,27.309999465942383,26.290000915527344,27.290000915527344,26.057968139648438,2152100
2019-07-05,27.200000762939453,27.8799991607666,27.110000610351562,27.790000915527344,26.5353946685791,4316800
2019-07-08,27.719999313354492,28.020000457763672,27.309999465942383,27.549999237060547,26.306228637695312,4348400
2019-07-09,27.350000381469727,27.510000228881836,26.299999237060547,26.399999618530273,25.208145141601562,5566100
2019-07-10,26.600000381469727,26.690000534057617,25.6299991607666,25.780000686645508,24.61613655090332,5606400
2019-07-11,26.229999542236328,26.3799991607666,24.940000534057617,25.469999313354492,24.32012939453125,7266800
2019-07-12,25.389999389648438,26.510000228881836,25.329999923706055,26.5,25.303630828857422,4275800
2019-07-15,26.209999084472656,26.950000762939453,26.0,26.700000762939453,25.494604110717773,4901500
2019-07-16,26.600000381469727,26.899999618530273,26.399999618530273,26.40999984741211,25.217693328857422,3388100
2019-07-17,26.420000076293945,26.520000457763672,25.920000076293945,26.389999389648438,25.198596954345703,6144800
2019-07-18,26.309999465942383,26.479999542236328,25.940000534057617,26.3700008392334,25.179500579833984,3448800
2019-07-19,26.540000915527344,26.559999465942383,25.739999771118164,25.84000015258789,24.67342758178711,3894400
2019-07-22,25.8700008392334,26.09000015258789,24.920000076293945,25.100000381469727,23.96683692932129,3138200
2019-07-23,25.15999984741211,25.399999618530273,24.639999389648438,25.270000457763672,24.129161834716797,4187500
2019-07-24,25.229999542236328,26.010000228881836,25.219999313354492,25.850000381469727,24.6829776763916,2962500
2019-07-25,25.709999084472656,26.209999084472656,25.690000534057617,26.209999084472656,25.026723861694336,2327500
2019-07-26,26.1200008392334,26.610000610351562,25.809999465942383,26.399999618530273,25.208145141601562,2415600
2019-07-29,26.399999618530273,26.6299991607666,25.760000228881836,26.15999984741211,24.97898292541504,3886300
2019-07-30,26.030000686645508,26.030000686645508,25.1200008392334,25.75,24.587491989135742,2939500
2019-07-31,25.65999984741211,26.190000534057617,25.559999465942383,25.950000762939453,24.778461456298828,4695000
2019-08-01,26.0,26.219999313354492,24.1200008392334,24.309999465942383,23.212501525878906,4969700
2019-08-02,24.760000228881836,24.760000228881836,24.100000381469727,24.15999984741211,23.069272994995117,4086800
2019-08-05,23.829999923706055,23.899999618530273,23.239999771118164,23.770000457763672,22.696880340576172,4856400
2019-08-06,23.90999984741211,23.989999771118164,23.31999969482422,23.860000610351562,22.78281593322754,3875000
2019-08-07,23.579999923706055,24.09000015258789,23.399999618530273,23.75,22.67778205871582,4139100
2019-08-08,23.889999389648438,23.940000534057617,23.299999237060547,23.68000030517578,22.610942840576172,3671200
2019-08-09,23.6299991607666,23.649999618530273,22.68000030517578,22.81999969482422,21.78976821899414,3166200
2019-08-12,22.59000015258789,22.649999618530273,21.979999542236328,22.049999237060547,21.05453109741211,3873200
2019-08-13,22.049999237060547,23.579999923706055,21.729999542236328,22.670000076293945,21.646541595458984,5478300
2019-08-14,21.860000610351562,21.860000610351562,20.59000015258789,20.850000381469727,19.90870475769043,6487800
2019-08-15,20.860000610351562,20.959999084472656,19.450000762939453,19.690000534057617,18.801076889038086,7204700
2019-08-16,19.899999618530273,20.700000762939453,19.809999465942383,20.360000610351562,19.440828323364258,4938500
2019-08-19,20.6299991607666,20.850000381469727,20.200000762939453,20.229999542236328,19.316696166992188,5478400
2019-08-20,20.110000610351562,20.219999313354492,19.829999923706055,19.920000076293945,19.02069091796875,5079400
2019-08-21,20.200000762939453,20.459999084472656,19.93000030517578,20.329999923706055,19.412181854248047,7943800
2019-08-22,18.209999084472656,19.440000534057617,17.610000610351562,19.329999923706055,18.733774185180664,21347400
2019-08-23,18.549999237060547,18.729999542236328,17.5,17.530000686645508,16.989294052124023,12599700
2019-08-26,17.579999923706055,17.670000076293945,16.780000686645508,16.920000076293945,16.398109436035156,10617100
2019-08-27,16.989999771118164,17.010000228881836,16.049999237060547,16.149999618530273,15.65185832977295,10685500
2019-08-28,16.079999923706055,16.739999771118164,16.0,16.670000076293945,16.155818939208984,7547600
2019-08-29,16.81999969482422,17.110000610351562,16.549999237060547,16.610000610351562,16.097671508789062,6707900
2019-08-30,16.780000686645508,17.06999969482422,16.5,16.510000228881836,16.000755310058594,4618000
2019-09-03,16.6299991607666,16.6299991607666,15.819999694824219,15.859999656677246,15.370803833007812,7288600
2019-09-04,15.920000076293945,16.350000381469727,15.890000343322754,16.1200008392334,15.622784614562988,6039100
2019-09-05,16.309999465942383,16.969999313354492,16.299999237060547,16.81999969482422,16.301193237304688,6772600
2019-09-06,16.899999618530273,17.06999969482422,16.6200008392334,16.709999084472656,16.194583892822266,4214500
2019-09-09,16.639999389648438,18.0,16.639999389648438,17.8700008392334,17.31880760192871,7661600
2019-09-10,17.860000610351562,18.709999084472656,17.860000610351562,18.549999237060547,17.97783088684082,7785500
2019-09-11,18.649999618530273,18.8700008392334,17.770000457763672,18.649999618530273,18.07474708557129,6219100
2019-09-12,18.549999237060547,19.170000076293945,18.06999969482422,19.010000228881836,18.423643112182617,8188300
2019-09-13,19.290000915527344,19.670000076293945,18.670000076293945,18.8700008392334,18.287961959838867,7212500
2019-09-16,18.579999923706055,19.56999969482422,18.540000915527344,19.440000534057617,18.84037971496582,6308300
2019-09-17,19.270000457763672,19.489999771118164,18.850000381469727,19.360000610351562,18.762847900390625,7534600
2019-09-18,19.25,19.489999771118164,18.6299991607666,18.959999084472656,18.375185012817383,4795400
2019-09-19,19.209999084472656,19.399999618530273,18.780000686645508,18.850000381469727,18.268579483032227,3651300
2019-09-20,18.8700008392334,19.489999771118164,18.780000686645508,18.8700008392334,18.287961959838867,5644200
2019-09-23,18.639999389648438,18.8799991607666,18.420000076293945,18.520000457763672,17.948759078979492,4537600
2019-09-24,18.690000534057617,18.739999771118164,18.100000381469727,18.43000030517578,17.861534118652344,3348100
2019-09-25,18.510000228881836,18.940000534057617,18.43000030517578,18.530000686645508,17.958450317382812,3947200
2019-09-26,18.469999313354492,19.010000228881836,18.260000228881836,19.0,18.413951873779297,5855500
2019-09-27,18.979999542236328,19.450000762939453,18.809999465942383,18.940000534057617,18.355802536010742,3882200
2019-09-30,19.040000915527344,19.649999618530273,19.040000915527344,19.59000015258789,18.98575210571289,3796600
2019-10-01,19.700000762939453,20.030000686645508,19.059999465942383,19.09000015258789,18.501174926757812,4617600
2019-10-02,18.780000686645508,18.780000686645508,17.899999618530273,18.149999618530273,17.590167999267578,4919500
2019-10-03,18.030000686645508,18.559999465942383,17.559999465942383,18.559999465942383,17.98752212524414,6287600
2019-10-04,18.489999771118164,18.520000457763672,18.110000610351562,18.459999084472656,17.890605926513672,4478000
2019-10-07,18.5,18.780000686645508,18.3700008392334,18.469999313354492,17.900297164916992,3729900
2019-10-08,18.1200008392334,18.280000686645508,17.68000030517578,17.700000762939453,17.154050827026367,4179700
2019-10-09,17.860000610351562,17.860000610351562,17.149999618530273,17.18000030517578,16.650089263916016,5281100
2019-10-10,17.260000228881836,17.399999618530273,16.56999969482422,16.84000015258789,16.320575714111328,7065300
2019-10-11,17.09000015258789,17.979999542236328,17.09000015258789,17.5,16.96021842956543,5927300
2019-10-14,17.479999542236328,17.6200008392334,17.0,17.479999542236328,16.940834045410156,5240100
2019-10-15,17.690000534057617,18.239999771118164,17.469999313354492,17.889999389648438,17.33819007873535,5296100
2019-10-16,17.84000015258789,18.239999771118164,17.739999771118164,17.809999465942383,17.260656356811523,3642700
2019-10-17,17.889999389648438,18.18000030517578,17.799999237060547,18.100000381469727,17.541711807250977,4971600
2019-10-18,16.989999771118164,17.399999618530273,16.309999465942383,16.309999465942383,15.806923866271973,15928300
2019-10-21,16.149999618530273,17.010000228881836,16.100000381469727,16.600000381469727,16.087980270385742,7482200
2019-10-22,16.700000762939453,17.760000228881836,16.649999618530273,17.729999542236328,17.183124542236328,5547400
2019-10-23,17.760000228881836,17.889999389648438,17.299999237060547,17.6299991607666,17.08620834350586,3682100
2019-10-24,17.639999389648438,17.739999771118164,17.049999237060547,17.540000915527344,16.998987197875977,3669700
2019-10-25,17.450000762939453,18.110000610351562,17.350000381469727,17.760000228881836,17.212200164794922,3573800
2019-10-28,17.8799991607666,18.110000610351562,17.81999969482422,17.950000762939453,17.396339416503906,4015700
2019-10-29,17.850000381469727,17.920000076293945,17.510000228881836,17.75,17.20250701904297,2571900
2019-10-30,17.670000076293945,17.770000457763672,16.770000457763672,16.860000610351562,16.3399600982666,4236400
2019-10-31,16.799999237060547,17.049999237060547,16.40999984741211,17.040000915527344,16.514408111572266,5134200
2019-11-01,17.200000762939453,17.65999984741211,17.110000610351562,17.540000915527344,16.998987197875977,4024200
2019-11-04,17.670000076293945,17.8799991607666,17.399999618530273,17.520000457763672,16.97960090637207,4016200
2019-11-05,17.739999771118164,18.18000030517578,17.649999618530273,17.760000228881836,17.212200164794922,5738100
2019-11-06,17.780000686645508,17.989999771118164,17.34000015258789,17.950000762939453,17.396339416503906,4728200
2019-11-07,18.149999618530273,18.299999237060547,17.860000610351562,18.079999923706055,17.522329330444336,5711700
2019-11-08,17.920000076293945,17.920000076293945,17.329999923706055,17.75,17.20250701904297,5220300
2019-11-11,17.34000015258789,17.690000534057617,17.219999313354492,17.510000228881836,16.96990966796875,4681100
2019-11-12,17.65999984741211,17.950000762939453,17.34000015258789,17.530000686645508,16.989294052124023,5275700
2019-11-13,17.200000762939453,17.299999237060547,16.969999313354492,17.190000534057617,16.659780502319336,4839300
2019-11-14,17.09000015258789,17.68000030517578,17.09000015258789,17.579999923706055,17.037752151489258,5172000
2019-11-15,17.790000915527344,18.200000762939453,17.739999771118164,18.06999969482422,17.512638092041016,5928700
2019-11-18,18.010000228881836,18.149999618530273,17.75,17.8700008392334,17.31880760192871,5724500
2019-11-19,17.510000228881836,17.68000030517578,16.899999618530273,17.18000030517578,16.650089263916016,7619900
2019-11-20,17.079999923706055,17.100000381469727,15.800000190734863,15.890000343322754,15.399879455566406,19791600
2019-11-21,16.260000228881836,18.020000457763672,15.819999694824219,17.170000076293945,16.960609436035156,27686900
2019-11-22,17.31999969482422,18.31999969482422,16.920000076293945,18.010000228881836,17.790367126464844,17932900
2019-11-25,18.149999618530273,19.25,17.790000915527344,19.170000076293945,18.936220169067383,12597800
2019-11-26,19.030000686645508,19.459999084472656,18.65999984741211,19.079999923706055,18.84731674194336,18842800
2019-11-27,19.030000686645508,19.350000381469727,18.850000381469727,19.280000686645508,19.044878005981445,4686500
2019-11-29,19.280000686645508,19.399999618530273,19.020000457763672,19.139999389648438,18.906585693359375,4605000
2019-12-02,19.25,19.290000915527344,18.139999389648438,18.15999984741211,17.93853759765625,11368700
2019-12-03,17.780000686645508,17.8700008392334,17.299999237060547,17.329999923706055,17.1186580657959,7395100
2019-12-04,17.5,18.770000457763672,17.360000610351562,18.700000762939453,18.471952438354492,12447200
2019-12-05,18.780000686645508,18.84000015258789,17.920000076293945,18.06999969482422,17.849634170532227,9633300
2019-12-06,18.299999237060547,18.520000457763672,17.739999771118164,17.81999969482422,17.60268211364746,7411300
2019-12-09,17.75,18.1200008392334,17.3700008392334,17.389999389648438,17.177927017211914,7209800
2019-12-10,17.299999237060547,17.8799991607666,16.989999771118164,17.829999923706055,17.612560272216797,10622000
2019-12-11,17.68000030517578,17.729999542236328,17.079999923706055,17.299999237060547,17.08902359008789,7902800
2019-12-12,17.31999969482422,18.530000686645508,17.15999984741211,18.479999542236328,18.254634857177734,9089300
2019-12-13,18.450000762939453,18.559999465942383,17.690000534057617,17.700000762939453,17.484148025512695,7826400
2019-12-16,17.940000534057617,18.1299991607666,17.6200008392334,17.8799991607666,17.661951065063477,9455700
2019-12-17,17.90999984741211,18.1299991607666,17.610000610351562,17.90999984741211,17.691585540771484,6175900
2019-12-18,17.920000076293945,18.649999618530273,17.920000076293945,18.5,18.274391174316406,6642500
2019-12-19,18.559999465942383,18.6299991607666,18.15999984741211,18.399999618530273,18.175609588623047,4964100
2019-12-20,18.510000228881836,18.940000534057617,18.229999542236328,18.479999542236328,18.254634857177734,13639100
2019-12-23,18.639999389648438,18.649999618530273,18.110000610351562,18.270000457763672,18.047195434570312,5044300
2019-12-24,18.34000015258789,18.40999984741211,18.1299991607666,18.219999313354492,17.997804641723633,1913500
2019-12-26,18.280000686645508,18.5,18.139999389648438,18.389999389648438,18.16573143005371,3688000
2019-12-27,18.40999984741211,18.549999237060547,18.049999237060547,18.209999084472656,17.987926483154297,4052100
2019-12-30,18.200000762939453,18.360000610351562,17.899999618530273,18.06999969482422,17.849634170532227,3963100
2019-12-31,17.969999313354492,18.139999389648438,17.610000610351562,18.1200008392334,17.899024963378906,5201100
2020-01-02,18.25,18.260000228881836,17.270000457763672,17.489999771118164,17.27670669555664,7396100
2020-01-03,18.020000457763672,19.09000015258789,17.8799991607666,18.860000610351562,18.630001068115234,16167000
2020-01-06,18.700000762939453,18.719999313354492,18.020000457763672,18.15999984741211,17.93853759765625,8907100
2020-01-07,18.1299991607666,18.549999237060547,17.889999389648438,18.020000457763672,17.80024528503418,5726800
2020-01-08,18.200000762939453,18.510000228881836,17.899999618530273,18.149999618530273,17.92865753173828,5397900
2020-01-09,18.309999465942383,19.290000915527344,18.110000610351562,18.959999084472656,18.72878074645996,16608700
2020-01-10,19.1299991607666,19.690000534057617,18.889999389648438,19.40999984741211,19.17329216003418,11790500
2020-01-13,19.299999237060547,20.229999542236328,19.280000686645508,20.190000534057617,19.94378089904785,7490400
2020-01-14,20.290000915527344,20.360000610351562,19.850000381469727,20.030000686645508,19.78573226928711,4812600
2020-01-15,19.959999084472656,20.200000762939453,19.729999542236328,19.790000915527344,19.548660278320312,3782900
2020-01-16,19.989999771118164,20.309999465942383,19.979999542236328,20.280000686645508,20.032684326171875,4082400
2020-01-17,20.239999771118164,20.280000686645508,19.940000534057617,20.15999984741211,19.914146423339844,5016200
2020-01-21,20.31999969482422,20.56999969482422,19.93000030517578,20.290000915527344,20.04256248474121,4777500
2020-01-22,20.5,20.5,19.950000762939453,19.979999542236328,19.73634147644043,4145500
2020-01-23,20.780000686645508,21.239999771118164,20.350000381469727,21.0,20.7439022064209,10321900
2020-01-24,21.09000015258789,21.09000015258789,20.489999771118164,20.739999771118164,20.48707389831543,6867900
2020-01-27,20.239999771118164,20.469999313354492,20.040000915527344,20.18000030517578,19.933902740478516,7101500
2020-01-28,20.440000534057617,20.770000457763672,20.219999313354492,20.559999465942383,20.309268951416016,4140400
2020-01-29,23.0,23.6299991607666,22.34000015258789,23.219999313354492,22.93682861328125,32146600
2020-01-30,22.90999984741211,23.459999084472656,22.719999313354492,23.40999984741211,23.12451171875,9088500
2020-01-31,23.1299991607666,23.209999084472656,22.760000228881836,23.15999984741211,22.877561569213867,10433400
2020-02-03,22.8799991607666,23.1200008392334,22.40999984741211,22.440000534057617,22.16634178161621,8810700
2020-02-04,22.510000228881836,24.09000015258789,22.1200008392334,23.799999237060547,23.509756088256836,16149200
2020-02-05,23.979999542236328,24.700000762939453,23.639999389648438,24.56999969482422,24.270366668701172,9957400
2020-02-06,24.639999389648438,24.860000610351562,23.940000534057617,23.979999542236328,23.68756103515625,7468700
2020-02-07,23.84000015258789,23.90999984741211,23.350000381469727,23.579999923706055,23.292438507080078,5206700
2020-02-10,25.110000610351562,25.260000228881836,23.3700008392334,24.139999389648438,23.845609664916992,10399900
2020-02-11,24.299999237060547,24.959999084472656,24.209999084472656,24.59000015258789,24.290122985839844,8710200
2020-02-12,24.829999923706055,24.940000534057617,24.510000228881836,24.719999313354492,24.418537139892578,5240100
2020-02-13,24.399999618530273,24.6200008392334,23.84000015258789,24.280000686645508,23.983903884887695,6895700
2020-02-14,24.459999084472656,24.649999618530273,24.149999618530273,24.34000015258789,24.043170928955078,3694000
2020-02-18,24.25,24.43000030517578,23.770000457763672,24.09000015258789,23.796220779418945,5995100
2020-02-19,24.239999771118164,24.600000381469727,24.110000610351562,24.600000381469727,24.30000114440918,3914500
2020-02-20,22.459999084472656,24.959999084472656,21.809999465942383,23.420000076293945,23.420000076293945,34627300
2020-02-21,23.969999313354492,24.43000030517578,23.559999465942383,24.06999969482422,24.06999969482422,12587500
2020-02-24,23.229999542236328,23.700000762939453,22.6200008392334,23.649999618530273,23.649999618530273,9807300
2020-02-25,23.59000015258789,23.770000457763672,23.09000015258789,23.5,23.5,11854100
2020-02-26,23.600000381469727,23.719999313354492,22.739999771118164,22.780000686645508,22.780000686645508,16448800
2020-02-27,21.06999969482422,23.360000610351562,20.610000610351562,23.049999237060547,23.049999237060547,17192800
2020-02-28,22.469999313354492,22.940000534057617,21.329999923706055,21.65999984741211,21.65999984741211,12412400
2020-03-02,21.84000015258789,22.34000015258789,21.149999618530273,22.25,22.25,9563500
2020-03-03,22.31999969482422,23.110000610351562,21.899999618530273,22.079999923706055,22.079999923706055,7991500
2020-03-04,22.260000228881836,24.489999771118164,22.079999923706055,24.350000381469727,24.350000381469727,10544400
2020-03-05,23.540000915527344,24.520000457763672,23.0,23.309999465942383,23.309999465942383,10134400
2020-03-06,22.270000457763672,22.709999084472656,21.739999771118164,22.25,22.25,9204000
2020-03-09,20.899999618530273,21.860000610351562,20.0,20.600000381469727,20.600000381469727,7879400
2020-03-10,21.549999237060547,21.700000762939453,20.139999389648438,20.770000457763672,20.770000457763672,7152700
2020-03-11,20.260000228881836,20.709999084472656,19.479999542236328,19.6200008392334,19.6200008392334,13332000
2020-03-12,18.139999389648438,18.139999389648438,15.789999961853027,15.84000015258789,15.84000015258789,9767400
2020-03-13,16.6200008392334,16.920000076293945,15.399999618530273,16.1200008392334,16.1200008392334,9865300
2020-03-16,14.329999923706055,14.329999923706055,10.039999961853027,11.649999618530273,11.649999618530273,15532800
2020-03-17,11.789999961853027,11.819999694824219,8.0,10.130000114440918,10.130000114440918,24316500
2020-03-18,9.4399995803833,10.1899995803833,8.069999694824219,9.789999961853027,9.789999961853027,12107900
2020-03-19,9.489999771118164,11.210000038146973,8.510000228881836,10.739999771118164,10.739999771118164,11711000
2020-03-20,10.829999923706055,11.229999542236328,9.449999809265137,9.779999732971191,9.779999732971191,12430800
2020-03-23,9.6899995803833,9.75,8.520000457763672,9.170000076293945,9.170000076293945,7752600
2020-03-24,9.670000076293945,13.199999809265137,9.619999885559082,12.75,12.75,14752100
2020-03-25,13.180000305175781,15.180000305175781,12.5,13.930000305175781,13.930000305175781,13340700
2020-03-26,14.350000381469727,14.720000267028809,12.970000267028809,13.140000343322754,13.140000343322754,9411800
2020-03-27,12.329999923706055,13.220000267028809,11.5,12.59000015258789,12.59000015258789,9618600
2020-03-30,12.3100004196167,12.579999923706055,11.010000228881836,11.789999961853027,11.789999961853027,12009400
2020-03-31,11.6899995803833,12.449999809265137,11.449999809265137,11.5600004196167,11.5600004196167,7993900
2020-04-01,10.59000015258789,11.010000228881836,9.649999618530273,10.229999542236328,10.229999542236328,10127900
2020-04-02,10.050000190734863,10.229999542236328,9.319999694824219,10.149999618530273,10.149999618530273,15479200
2020-04-03,10.140000343322754,11.510000228881836,10.109999656677246,11.34000015258789,11.34000015258789,11864600
2020-04-06,12.119999885559082,13.09000015258789,11.550000190734863,12.550000190734863,12.550000190734863,13755900
2020-04-07,13.800000190734863,14.789999961853027,12.989999771118164,13.239999771118164,13.239999771118164,9005700
2020-04-08,13.420000076293945,15.079999923706055,13.350000381469727,14.579999923706055,14.579999923706055,9083400
2020-04-09,15.649999618530273,16.959999084472656,14.6899995803833,14.930000305175781,14.930000305175781,12328500
2020-04-13,14.930000305175781,14.949999809265137,13.479999542236328,13.710000038146973,13.710000038146973,6748900
2020-04-14,14.279999732971191,15.050000190734863,13.699999809265137,14.069999694824219,14.069999694824219,6609700
2020-04-15,12.979999542236328,13.15999984741211,12.180000305175781,12.619999885559082,12.619999885559082,6958200
2020-04-16,12.75,12.850000381469727,12.039999961853027,12.239999771118164,12.239999771118164,3922200
2020-04-17,13.010000228881836,13.9399995803833,12.90999984741211,13.779999732971191,13.779999732971191,7101200
2020-04-20,13.130000114440918,13.5,12.430000305175781,12.539999961853027,12.539999961853027,5467600
2020-04-21,11.850000381469727,12.680000305175781,11.8100004196167,12.0600004196167,12.0600004196167,4729100
2020-04-22,12.3100004196167,12.399999618530273,8.800000190734863,10.1899995803833,10.1899995803833,49855800
2020-04-23,10.0600004196167,11.300000190734863,10.010000228881836,10.630000114440918,10.630000114440918,20257600
2020-04-24,10.75,10.970000267028809,10.050000190734863,10.3100004196167,10.3100004196167,8739800
2020-04-27,10.5,11.59000015258789,10.119999885559082,11.5,11.5,8752500
2020-04-28,12.149999618530273,12.920000076293945,11.710000038146973,12.579999923706055,12.579999923706055,10712800
2020-04-29,13.210000038146973,13.630000114440918,12.640000343322754,12.779999732971191,12.779999732971191,8894000
2020-04-30,12.4399995803833,12.640000343322754,11.630000114440918,11.890000343322754,11.890000343322754,17253400
2020-05-01,11.529999732971191,12.050000190734863,11.300000190734863,12.0,12.0,6710300
2020-05-04,11.5600004196167,12.1899995803833,11.25,12.039999961853027,12.039999961853027,7154500
2020-05-05,12.1899995803833,12.539999961853027,11.520000457763672,11.619999885559082,11.619999885559082,13244300
2020-05-06,11.739999771118164,12.0,10.800000190734863,10.989999771118164,10.989999771118164,8597800
2020-05-07,11.140000343322754,11.729999542236328,11.0600004196167,11.180000305175781,11.180000305175781,5579500
2020-05-08,11.430000305175781,12.539999961853027,11.40999984741211,12.220000267028809,12.220000267028809,10237100
2020-05-11,12.0,12.079999923706055,11.239999771118164,11.529999732971191,11.529999732971191,7496600
2020-05-12,11.699999809265137,12.020000457763672,11.220000267028809,11.239999771118164,11.239999771118164,5821600
2020-05-13,11.220000267028809,11.220000267028809,10.25,10.600000381469727,10.600000381469727,11355800
2020-05-14,10.239999771118164,11.319999694824219,10.029999732971191,10.479999542236328,10.479999542236328,9827200
2020-05-15,10.25,11.199999809265137,10.0600004196167,10.859999656677246,10.859999656677246,8898100
2020-05-18,11.609999656677246,12.899999618530273,11.539999961853027,12.770000457763672,12.770000457763672,15586100
2020-05-19,12.539999961853027,13.109999656677246,12.15999984741211,12.510000228881836,12.510000228881836,9410500
2020-05-20,12.640000343322754,12.869999885559082,11.510000228881836,12.220000267028809,12.220000267028809,13988600
2020-05-21,13.260000228881836,14.829999923706055,13.010000228881836,14.449999809265137,14.449999809265137,28689200
2020-05-22,14.5,15.180000305175781,14.210000038146973,15.079999923706055,15.079999923706055,12101800
2020-05-26,15.800000190734863,16.979999542236328,15.680000305175781,16.68000030517578,16.68000030517578,13541400
2020-05-27,17.270000457763672,17.6299991607666,16.06999969482422,17.200000762939453,17.200000762939453,10455700
2020-05-28,17.239999771118164,17.31999969482422,16.15999984741211,16.280000686645508,16.280000686645508,10964700
2020-05-29,15.75,16.6299991607666,15.510000228881836,16.190000534057617,16.190000534057617,7886000
2020-06-01,16.25,17.149999618530273,15.970000267028809,16.540000915527344,16.540000915527344,7625700
2020-06-02,16.84000015258789,16.899999618530273,16.06999969482422,16.799999237060547,16.799999237060547,7709500
2020-06-03,17.25,18.690000534057617,17.25,18.309999465942383,18.309999465942383,9156200
2020-06-04,17.93000030517578,18.299999237060547,17.469999313354492,17.850000381469727,17.850000381469727,14752100
2020-06-05,19.139999389648438,19.8799991607666,18.520000457763672,18.68000030517578,18.68000030517578,10920900
2020-06-08,19.579999923706055,19.739999771118164,18.81999969482422,19.309999465942383,19.309999465942383,9461800
2020-06-09,18.700000762939453,18.860000610351562,17.8700008392334,18.049999237060547,18.049999237060547,8066500
2020-06-10,17.920000076293945,18.260000228881836,17.290000915527344,17.459999084472656,17.459999084472656,6965400
2020-06-11,15.75,16.450000762939453,15.039999961853027,15.479999542236328,15.479999542236328,8243900
2020-06-12,16.489999771118164,16.8700008392334,15.039999961853027,15.649999618530273,15.649999618530273,7284000
2020-06-15,14.739999771118164,15.84000015258789,14.40999984741211,15.520000457763672,15.520000457763672,6342200
2020-06-16,16.56999969482422,16.989999771118164,15.770000457763672,16.139999389648438,16.139999389648438,7182000
2020-06-17,16.079999923706055,16.100000381469727,15.199999809265137,15.460000038146973,15.460000038146973,6370000
2020-06-18,15.1899995803833,15.859999656677246,14.970000267028809,15.619999885559082,15.619999885559082,4484400
2020-06-19,15.899999618530273,15.949999809265137,14.4399995803833,14.479999542236328,14.479999542236328,10330500
2020-06-22,14.5,14.949999809265137,14.210000038146973,14.649999618530273,14.649999618530273,5795400
2020-06-23,14.920000076293945,14.920000076293945,14.319999694824219,14.6899995803833,14.6899995803833,4827400
2020-06-24,14.399999618530273,14.399999618530273,13.4399995803833,13.859999656677246,13.859999656677246,6531500
2020-06-25,13.569999694824219,14.3100004196167,13.180000305175781,14.130000114440918,14.130000114440918,10094300
2020-06-26,14.130000114440918,14.449999809265137,13.710000038146973,13.859999656677246,13.859999656677246,7639100
2020-06-29,14.039999961853027,15.180000305175781,13.899999618530273,15.119999885559082,15.119999885559082,7133200
2020-06-30,14.989999771118164,15.130000114440918,14.630000114440918,14.970000267028809,14.970000267028809,4579800
2020-07-01,15.029999732971191,15.640000343322754,14.9399995803833,15.100000381469727,15.100000381469727,6266800
2020-07-02,15.649999618530273,15.8100004196167,14.829999923706055,15.109999656677246,15.109999656677246,4468400
2020-07-06,15.550000190734863,16.0,15.270000457763672,15.619999885559082,15.619999885559082,4897200
2020-07-07,15.369999885559082,15.529999732971191,15.109999656677246,15.149999618530273,15.149999618530273,3196800
2020-07-08,15.09000015258789,15.6899995803833,14.859999656677246,15.670000076293945,15.670000076293945,3990900
2020-07-09,15.609999656677246,15.8100004196167,15.069999694824219,15.520000457763672,15.520000457763672,6539600
2020-07-10,15.470000267028809,15.9399995803833,15.229999542236328,15.930000305175781,15.930000305175781,5075100
2020-07-13,16.09000015258789,16.809999465942383,15.9399995803833,16.389999389648438,16.389999389648438,6075300
2020-07-14,16.360000610351562,16.739999771118164,16.1200008392334,16.65999984741211,16.65999984741211,4757400
2020-07-15,17.389999389648438,18.1200008392334,17.079999923706055,18.040000915527344,18.040000915527344,6020300
2020-07-16,17.719999313354492,18.489999771118164,17.329999923706055,18.459999084472656,18.459999084472656,5046400
2020-07-17,18.540000915527344,18.649999618530273,18.149999618530273,18.5,18.5,4427400
2020-07-20,18.3799991607666,18.420000076293945,17.770000457763672,18.280000686645508,18.280000686645508,3566700
2020-07-21,18.3700008392334,19.270000457763672,18.25,18.8700008392334,18.8700008392334,5050300
2020-07-22,18.649999618530273,19.459999084472656,18.440000534057617,19.40999984741211,19.40999984741211,5954100
2020-07-23,19.229999542236328,19.84000015258789,19.059999465942383,19.360000610351562,19.360000610351562,5304600
2020-07-24,19.34000015258789,19.760000228881836,19.110000610351562,19.190000534057617,19.190000534057617,4142100
2020-07-27,19.09000015258789,19.280000686645508,18.850000381469727,19.15999984741211,19.15999984741211,3392100
2020-07-28,19.09000015258789,19.479999542236328,19.059999465942383,19.1200008392334,19.1200008392334,2998500
2020-07-29,23.549999237060547,26.65999984741211,23.209999084472656,25.8799991607666,25.8799991607666,39023900
2020-07-30,24.770000457763672,25.15999984741211,24.18000030517578,24.540000915527344,24.540000915527344,10562200
2020-07-31,24.420000076293945,24.90999984741211,23.8700008392334,24.40999984741211,24.40999984741211,5620400
2020-08-03,24.3700008392334,24.639999389648438,23.790000915527344,24.3799991607666,24.3799991607666,4712400
2020-08-04,24.729999542236328,25.309999465942383,24.579999923706055,24.950000762939453,24.950000762939453,4722200
2020-08-05,25.329999923706055,26.059999465942383,25.100000381469727,25.520000457763672,25.520000457763672,4082700
2020-08-06,25.520000457763672,25.700000762939453,25.200000762939453,25.260000228881836,25.260000228881836,2830500
2020-08-07,25.1299991607666,26.079999923706055,25.06999969482422,26.040000915527344,26.040000915527344,3426200
2020-08-10,26.31999969482422,27.690000534057617,26.260000228881836,27.489999771118164,27.489999771118164,7368400
2020-08-11,27.850000381469727,28.170000076293945,26.850000381469727,26.93000030517578,26.93000030517578,8763300
2020-08-12,27.299999237060547,27.299999237060547,26.6299991607666,27.0,27.0,9832200
2020-08-13,26.81999969482422,27.06999969482422,26.239999771118164,26.540000915527344,26.540000915527344,7619500
2020-08-14,26.65999984741211,26.889999389648438,26.360000610351562,26.540000915527344,26.540000915527344,7175600
2020-08-17,26.780000686645508,29.139999389648438,26.579999923706055,28.799999237060547,28.799999237060547,8352200
2020-08-18,28.540000915527344,28.84000015258789,27.40999984741211,28.18000030517578,28.18000030517578,5639000
2020-08-19,27.829999923706055,28.6299991607666,27.6200008392334,28.469999313354492,28.469999313354492,7083900
2020-08-20,29.309999465942383,31.329999923706055,28.799999237060547,29.56999969482422,29.56999969482422,22998800
2020-08-21,29.829999923706055,30.010000228881836,28.950000762939453,29.969999313354492,29.969999313354492,6340200
2020-08-24,30.0,30.459999084472656,29.209999084472656,29.6299991607666,29.6299991607666,5889800
2020-08-25,30.15999984741211,30.969999313354492,29.93000030517578,30.6200008392334,30.6200008392334,5849300
2020-08-26,30.989999771118164,30.989999771118164,30.329999923706055,30.760000228881836,30.760000228881836,3518200
2020-08-27,30.989999771118164,31.06999969482422,29.90999984741211,29.93000030517578,29.93000030517578,3425500
2020-08-28,29.979999542236328,30.239999771118164,29.450000762939453,29.670000076293945,29.670000076293945,4007100
2020-08-31,29.579999923706055,29.979999542236328,29.280000686645508,29.399999618530273,29.399999618530273,3802900
2020-09-01,29.329999923706055,31.559999465942383,28.829999923706055,31.540000915527344,31.540000915527344,7224000
2020-09-02,31.670000076293945,31.93000030517578,30.549999237060547,31.25,31.25,3535700
2020-09-03,30.90999984741211,31.1299991607666,29.360000610351562,29.6200008392334,29.6200008392334,3584300
2020-09-04,30.139999389648438,30.579999923706055,29.31999969482422,30.139999389648438,30.139999389648438,3480500
2020-09-08,29.520000457763672,29.950000762939453,28.8799991607666,28.920000076293945,28.920000076293945,4129500
2020-09-09,29.0,29.040000915527344,28.229999542236328,28.59000015258789,28.59000015258789,3500200
2020-09-10,28.860000610351562,29.350000381469727,27.920000076293945,28.010000228881836,28.010000228881836,3704900
2020-09-11,28.049999237060547,28.299999237060547,27.540000915527344,28.0,28.0,3457700
2020-09-14,28.489999771118164,29.1200008392334,28.350000381469727,29.049999237060547,29.049999237060547,3659100
2020-09-15,29.420000076293945,29.649999618530273,28.520000457763672,28.989999771118164,28.989999771118164,2921500
2020-09-16,29.25,30.290000915527344,28.84000015258789,29.84000015258789,29.84000015258789,3768600
2020-09-17,29.280000686645508,30.8700008392334,29.149999618530273,30.31999969482422,30.31999969482422,4419400
2020-09-18,30.190000534057617,30.639999389648438,29.739999771118164,30.15999984741211,30.15999984741211,8060500
2020-09-21,29.530000686645508,29.860000610351562,28.530000686645508,29.450000762939453,29.450000762939453,3981000
2020-09-22,29.489999771118164,30.760000228881836,29.3799991607666,30.549999237060547,30.549999237060547,5533500
2020-09-23,30.969999313354492,31.649999618530273,30.010000228881836,30.100000381469727,30.100000381469727,3644800
2020-09-24,29.719999313354492,30.34000015258789,28.479999542236328,29.6200008392334,29.6200008392334,4654700
2020-09-25,29.530000686645508,30.510000228881836,29.399999618530273,30.329999923706055,30.329999923706055,7906200
2020-09-28,31.100000381469727,31.780000686645508,30.700000762939453,31.530000686645508,31.530000686645508,3998200
2020-09-29,31.520000457763672,31.520000457763672,30.270000457763672,30.360000610351562,30.360000610351562,5008200
2020-09-30,31.639999389648438,33.119998931884766,31.299999237060547,31.809999465942383,31.809999465942383,6068300
2020-10-01,32.04999923706055,33.459999084472656,32.04999923706055,33.220001220703125,33.220001220703125,5843300
2020-10-02,32.150001525878906,33.43000030517578,32.0,33.130001068115234,33.130001068115234,2814400
2020-10-05,33.349998474121094,33.47999954223633,32.47999954223633,33.209999084472656,33.209999084472656,2887700
2020-10-06,33.41999816894531,33.56999969482422,32.2400016784668,32.29999923706055,32.29999923706055,3215600
2020-10-07,33.0099983215332,33.38999938964844,32.58000183105469,32.9900016784668,32.9900016784668,3260400
2020-10-08,33.560001373291016,33.65999984741211,32.380001068115234,32.58000183105469,32.58000183105469,5739700
2020-10-09,32.9900016784668,33.09000015258789,31.799999237060547,32.2599983215332,32.2599983215332,3912900
2020-10-12,32.369998931884766,33.09000015258789,31.709999084472656,32.04999923706055,32.04999923706055,4596800
2020-10-13,32.0099983215332,32.7400016784668,31.6200008392334,31.940000534057617,31.940000534057617,3497100
2020-10-14,32.2400016784668,32.470001220703125,31.270000457763672,31.979999542236328,31.979999542236328,4297400
2020-10-15,31.549999237060547,33.70000076293945,31.420000076293945,33.61000061035156,33.61000061035156,5358700
2020-10-16,33.70000076293945,33.9900016784668,33.279998779296875,33.29999923706055,33.29999923706055,3413700
2020-10-19,34.79999923706055,35.40999984741211,32.849998474121094,33.130001068115234,33.130001068115234,7834200
2020-10-20,33.38999938964844,34.130001068115234,33.04999923706055,33.060001373291016,33.060001373291016,4103500
2020-10-21,33.08000183105469,33.20000076293945,31.959999084472656,32.18000030517578,32.18000030517578,3442900
2020-10-22,32.349998474121094,34.119998931884766,31.829999923706055,33.900001525878906,33.900001525878906,3843000
2020-10-23,34.0,34.790000915527344,33.36000061035156,34.7599983215332,34.7599983215332,2816900
2020-10-26,33.86000061035156,34.5099983215332,33.63999938964844,34.15999984741211,34.15999984741211,2662100
2020-10-27,34.380001068115234,34.630001068115234,33.31999969482422,33.599998474121094,33.599998474121094,1590700
2020-10-28,32.68000030517578,33.06999969482422,32.15999984741211,32.27000045776367,32.27000045776367,1807900
2020-10-29,32.36000061035156,33.2400016784668,32.029998779296875,32.869998931884766,32.869998931884766,1972300
2020-10-30,32.77000045776367,33.130001068115234,31.75,32.0099983215332,32.0099983215332,2524800
2020-11-02,32.310001373291016,33.540000915527344,32.189998626708984,33.02000045776367,33.02000045776367,2683500
2020-11-03,33.349998474121094,33.939998626708984,32.93000030517578,33.72999954223633,33.72999954223633,2352400
2020-11-04,33.22999954223633,34.68000030517578,32.939998626708984,33.70000076293945,33.70000076293945,3238600
2020-11-05,34.0099983215332,34.45000076293945,33.40999984741211,34.040000915527344,34.040000915527344,2242000
2020-11-06,34.18000030517578,34.7400016784668,32.970001220703125,33.31999969482422,33.31999969482422,2618500
2020-11-09,35.15999984741211,35.25,32.45000076293945,32.52000045776367,32.52000045776367,5474300
2020-11-10,32.81999969482422,34.04999923706055,32.40999984741211,34.04999923706055,34.04999923706055,3301400
2020-11-11,34.2400016784668,34.4900016784668,33.2599983215332,34.13999938964844,34.13999938964844,2896600
2020-11-12,34.04999923706055,34.16999816894531,32.7400016784668,33.060001373291016,33.060001373291016,2833200
2020-11-13,33.619998931884766,34.65999984741211,33.529998779296875,34.34000015258789,34.34000015258789,5092200
2020-11-16,35.02000045776367,35.099998474121094,34.20000076293945,34.7599983215332,34.7599983215332,3795300
2020-11-17,34.5,35.599998474121094,34.119998931884766,35.45000076293945,35.45000076293945,5142200
2020-11-18,35.540000915527344,35.91999816894531,33.58000183105469,33.61000061035156,33.61000061035156,8747300
2020-11-19,39.34000015258789,39.95000076293945,37.599998474121094,39.54999923706055,39.54999923706055,15717700
2020-11-20,39.75,40.790000915527344,38.900001525878906,39.970001220703125,39.970001220703125,7190000
2020-11-23,40.5,40.81999969482422,39.439998626708984,39.97999954223633,39.97999954223633,5469800
2020-11-24,40.439998626708984,40.560001373291016,38.7599983215332,39.689998626708984,39.689998626708984,4153300
2020-11-25,38.75,39.38999938964844,38.2400016784668,38.95000076293945,38.95000076293945,3687700
2020-11-27,38.75,39.08000183105469,37.72999954223633,38.84000015258789,38.84000015258789,2950500
2020-11-30,38.560001373291016,38.880001068115234,37.65999984741211,38.810001373291016,38.810001373291016,4285400
2020-12-01,39.279998779296875,39.56999969482422,38.2400016784668,38.900001525878906,38.900001525878906,3458700
2020-12-02,38.59000015258789,39.9900016784668,37.939998626708984,38.66999816894531,38.66999816894531,3730900
2020-12-03,38.54999923706055,38.72999954223633,37.52000045776367,38.349998474121094,38.349998474121094,4121700
2020-12-04,38.16999816894531,38.45000076293945,36.5099983215332,38.25,38.25,3918000
2020-12-07,38.2400016784668,40.58000183105469,38.209999084472656,40.2400016784668,40.2400016784668,4137600
2020-12-08,40.04999923706055,41.2400016784668,39.900001525878906,40.959999084472656,40.959999084472656,3459900
2020-12-09,40.9900016784668,42.16999816894531,40.63999938964844,41.58000183105469,41.58000183105469,3564500
2020-12-10,41.04999923706055,41.459999084472656,40.599998474121094,41.02000045776367,41.02000045776367,2367800
2020-12-11,41.33000183105469,41.33000183105469,39.36000061035156,39.540000915527344,39.540000915527344,3110500
2020-12-14,40.040000915527344,40.040000915527344,37.84000015258789,38.20000076293945,38.20000076293945,8799800
2020-12-15,38.7400016784668,39.31999969482422,38.31999969482422,39.31999969482422,39.31999969482422,2303900
2020-12-16,39.380001068115234,39.689998626708984,38.38999938964844,38.70000076293945,38.70000076293945,1830400
2020-12-17,38.869998931884766,39.189998626708984,37.959999084472656,39.189998626708984,39.189998626708984,2391500
2020-12-18,38.81999969482422,39.27000045776367,38.06999969482422,38.630001068115234,38.630001068115234,5893800
2020-12-21,37.83000183105469,39.08000183105469,37.560001373291016,38.65999984741211,38.65999984741211,2141200
2020-12-22,38.599998474121094,38.790000915527344,37.599998474121094,38.0,38.0,3199700
2020-12-23,37.939998626708984,39.34000015258789,37.689998626708984,39.189998626708984,39.189998626708984,2441200
2020-12-24,39.25,39.25,38.22999954223633,38.959999084472656,38.959999084472656,1045300
2020-12-28,39.06999969482422,39.68000030517578,38.7599983215332,38.81999969482422,38.81999969482422,2001900
2020-12-29,38.720001220703125,38.720001220703125,36.939998626708984,37.59000015258789,37.59000015258789,3250200
2020-12-30,37.75,38.630001068115234,37.400001525878906,38.029998779296875,38.029998779296875,2425700
2020-12-31,37.95000076293945,38.04999923706055,37.13999938964844,37.189998626708984,37.189998626708984,2515400
2021-01-04,38.04999923706055,40.619998931884766,37.79999923706055,39.599998474121094,39.599998474121094,6734000
2021-01-05,39.59000015258789,40.72999954223633,39.310001373291016,40.43000030517578,40.43000030517578,4653800
2021-01-06,40.75,43.86000061035156,40.75,43.54999923706055,43.54999923706055,5161300
2021-01-07,43.970001220703125,47.279998779296875,43.939998626708984,46.16999816894531,46.16999816894531,5683500
2021-01-08,46.16999816894531,47.77000045776367,45.61000061035156,46.75,46.75,3125200
2021-01-11,46.220001220703125,47.529998779296875,45.95000076293945,46.90999984741211,46.90999984741211,2890500
2021-01-12,47.45000076293945,48.29999923706055,47.0,47.290000915527344,47.290000915527344,5730300
2021-01-13,47.0099983215332,47.13999938964844,45.84000015258789,46.15999984741211,46.15999984741211,3826300
2021-01-14,46.95000076293945,47.900001525878906,44.720001220703125,44.97999954223633,44.97999954223633,5033000
2021-01-15,44.70000076293945,45.68000030517578,43.880001068115234,45.20000076293945,45.20000076293945,3952900
2021-01-19,45.560001373291016,46.25,45.02000045776367,45.72999954223633,45.72999954223633,2719200
2021-01-20,45.380001068115234,46.38999938964844,45.279998779296875,45.560001373291016,45.560001373291016,1569100
2021-01-21,45.66999816894531,46.7599983215332,45.290000915527344,45.900001525878906,45.900001525878906,2220000
2021-01-22,46.13999938964844,46.25,44.70000076293945,45.279998779296875,45.279998779296875,2765900
2021-01-25,45.279998779296875,45.97999954223633,40.43000030517578,43.93000030517578,43.93000030517578,7642300
2021-01-26,45.34000015258789,45.869998931884766,42.900001525878906,43.0,43.0,5143700
2021-01-27,40.0,41.0,36.099998474121094,37.540000915527344,37.540000915527344,16884700
2021-01-28,38.70000076293945,42.31999969482422,38.0,41.43000030517578,41.43000030517578,15716700
2021-01-29,41.279998779296875,41.970001220703125,39.310001373291016,40.7599983215332,40.7599983215332,6437000
2021-02-01,41.40999984741211,42.0,40.15999984741211,41.86000061035156,41.86000061035156,9679300
2021-02-02,42.29999923706055,44.36000061035156,42.279998779296875,44.11000061035156,44.11000061035156,5800000
2021-02-03,44.119998931884766,44.90999984741211,43.22999954223633,43.959999084472656,43.959999084472656,4779400
2021-02-04,45.5,49.119998931884766,45.0,48.06999969482422,48.06999969482422,6966400
2021-02-05,48.54999923706055,49.66999816894531,47.86000061035156,49.38999938964844,49.38999938964844,2772800
