Date,Open,High,Low,Close,Adj Close,Volume
2019-06-03,0.004100000020116568,0.004100000020116568,0.004100000020116568,0.004100000020116568,0.004100000020116568,0
2019-06-04,0.004100000020116568,0.004100000020116568,0.004100000020116568,0.004100000020116568,0.004100000020116568,0
2019-06-05,0.004100000020116568,0.004100000020116568,0.004100000020116568,0.004100000020116568,0.004100000020116568,0
2019-06-06,0.004100000020116568,0.004100000020116568,0.004100000020116568,0.004100000020116568,0.004100000020116568,0
2019-06-07,0.004100000020116568,0.004100000020116568,0.004100000020116568,0.004100000020116568,0.004100000020116568,0
2019-06-10,0.004100000020116568,0.004100000020116568,0.004100000020116568,0.004100000020116568,0.004100000020116568,0
2019-06-11,0.004100000020116568,0.004100000020116568,0.004100000020116568,0.004100000020116568,0.004100000020116568,0
2019-06-12,0.004100000020116568,0.004100000020116568,0.004100000020116568,0.004100000020116568,0.004100000020116568,0
2019-06-13,0.004100000020116568,0.004100000020116568,0.004100000020116568,0.004100000020116568,0.004100000020116568,0
2019-06-14,0.004100000020116568,0.004100000020116568,0.004100000020116568,0.004100000020116568,0.004100000020116568,0
2019-06-17,0.004100000020116568,0.004100000020116568,0.004100000020116568,0.004100000020116568,0.004100000020116568,0
2019-06-18,0.004100000020116568,0.004100000020116568,0.004100000020116568,0.004100000020116568,0.004100000020116568,0
2019-06-19,0.004100000020116568,0.004100000020116568,0.004100000020116568,0.004100000020116568,0.004100000020116568,0
2019-06-20,0.004100000020116568,0.004100000020116568,0.004100000020116568,0.004100000020116568,0.004100000020116568,0
2019-06-21,0.004100000020116568,0.004100000020116568,0.004100000020116568,0.004100000020116568,0.004100000020116568,0
2019-06-24,0.004100000020116568,0.004100000020116568,0.004100000020116568,0.004100000020116568,0.004100000020116568,0
2019-06-25,0.004100000020116568,0.004100000020116568,0.004100000020116568,0.004100000020116568,0.004100000020116568,0
2019-06-26,0.007000000216066837,0.007000000216066837,0.007000000216066837,0.007000000216066837,0.007000000216066837,14000
2019-06-27,0.007000000216066837,0.007000000216066837,0.007000000216066837,0.007000000216066837,0.007000000216066837,0
2019-06-28,0.007000000216066837,0.007000000216066837,0.007000000216066837,0.007000000216066837,0.007000000216066837,0
2019-07-01,0.007000000216066837,0.007000000216066837,0.007000000216066837,0.007000000216066837,0.007000000216066837,0
2019-07-02,0.007000000216066837,0.007000000216066837,0.007000000216066837,0.007000000216066837,0.007000000216066837,0
2019-07-03,0.007000000216066837,0.007000000216066837,0.007000000216066837,0.007000000216066837,0.007000000216066837,0
2019-07-05,0.06355000287294388,0.06355000287294388,0.013500000350177288,0.013500000350177288,0.013500000350177288,6518
2019-07-08,0.013500000350177288,0.013500000350177288,0.013500000350177288,0.013500000350177288,0.013500000350177288,0
2019-07-09,0.013500000350177288,0.013500000350177288,0.013500000350177288,0.013500000350177288,0.013500000350177288,0
2019-07-10,0.013500000350177288,0.013500000350177288,0.013500000350177288,0.013500000350177288,0.013500000350177288,0
2019-07-11,0.013500000350177288,0.013500000350177288,0.013500000350177288,0.013500000350177288,0.013500000350177288,0
2019-07-12,0.005249999929219484,0.007000000216066837,0.0035000001080334187,0.007000000216066837,0.007000000216066837,19512
2019-07-15,0.007000000216066837,0.007000000216066837,0.007000000216066837,0.007000000216066837,0.007000000216066837,0
2019-07-16,0.007000000216066837,0.007000000216066837,0.007000000216066837,0.007000000216066837,0.007000000216066837,0
2019-07-17,0.007000000216066837,0.007000000216066837,0.007000000216066837,0.007000000216066837,0.007000000216066837,0
2019-07-18,0.007000000216066837,0.007000000216066837,0.007000000216066837,0.007000000216066837,0.007000000216066837,0
2019-07-19,0.007000000216066837,0.007000000216066837,0.007000000216066837,0.007000000216066837,0.007000000216066837,0
2019-07-22,0.007000000216066837,0.007000000216066837,0.007000000216066837,0.007000000216066837,0.007000000216066837,0
2019-07-23,0.007000000216066837,0.007000000216066837,0.007000000216066837,0.007000000216066837,0.007000000216066837,0
2019-07-24,0.007000000216066837,0.007000000216066837,0.007000000216066837,0.007000000216066837,0.007000000216066837,0
2019-07-25,0.007000000216066837,0.007000000216066837,0.007000000216066837,0.007000000216066837,0.007000000216066837,0
2019-07-26,0.007000000216066837,0.007000000216066837,0.007000000216066837,0.007000000216066837,0.007000000216066837,0
2019-07-29,0.007000000216066837,0.007000000216066837,0.007000000216066837,0.007000000216066837,0.007000000216066837,0
2019-07-30,0.007000000216066837,0.007000000216066837,0.007000000216066837,0.007000000216066837,0.007000000216066837,0
2019-07-31,0.003530000103637576,0.003530000103637576,0.0035000001080334187,0.0035000001080334187,0.0035000001080334187,28000
2019-08-01,0.0035000001080334187,0.0035000001080334187,0.0035000001080334187,0.0035000001080334187,0.0035000001080334187,0
2019-08-02,0.0035000001080334187,0.0035000001080334187,0.0035000001080334187,0.0035000001080334187,0.0035000001080334187,0
2019-08-05,0.0035000001080334187,0.0035000001080334187,0.0035000001080334187,0.0035000001080334187,0.0035000001080334187,0
2019-08-06,0.0035000001080334187,0.0035000001080334187,0.0035000001080334187,0.0035000001080334187,0.0035000001080334187,0
2019-08-07,0.0035000001080334187,0.0035000001080334187,0.0035000001080334187,0.0035000001080334187,0.0035000001080334187,0
2019-08-08,0.0035000001080334187,0.0035000001080334187,0.0035000001080334187,0.0035000001080334187,0.0035000001080334187,0
2019-08-09,0.0035000001080334187,0.0035000001080334187,0.0035000001080334187,0.0035000001080334187,0.0035000001080334187,0
2019-08-12,0.0035000001080334187,0.0035000001080334187,0.0035000001080334187,0.0035000001080334187,0.0035000001080334187,0
2019-08-13,0.0035000001080334187,0.0035000001080334187,0.0035000001080334187,0.0035000001080334187,0.0035000001080334187,0
2019-08-14,0.0035000001080334187,0.0035000001080334187,0.0035000001080334187,0.0035000001080334187,0.0035000001080334187,0
2019-08-15,0.0035000001080334187,0.0035000001080334187,0.0035000001080334187,0.0035000001080334187,0.0035000001080334187,0
2019-08-16,0.0035000001080334187,0.0035000001080334187,0.0035000001080334187,0.0035000001080334187,0.0035000001080334187,0
2019-08-19,0.0035000001080334187,0.0035000001080334187,0.0035000001080334187,0.0035000001080334187,0.0035000001080334187,0
2019-08-20,0.0035000001080334187,0.0035000001080334187,0.0035000001080334187,0.0035000001080334187,0.0035000001080334187,0
2019-08-21,0.0035000001080334187,0.0035000001080334187,0.0035000001080334187,0.0035000001080334187,0.0035000001080334187,0
2019-08-22,0.0035000001080334187,0.0035000001080334187,0.0035000001080334187,0.0035000001080334187,0.0035000001080334187,0
2019-08-23,0.0035000001080334187,0.0035000001080334187,0.0035000001080334187,0.0035000001080334187,0.0035000001080334187,0
2019-08-26,0.0035000001080334187,0.0035000001080334187,0.0035000001080334187,0.0035000001080334187,0.0035000001080334187,0
2019-08-27,0.0035000001080334187,0.0035000001080334187,0.0035000001080334187,0.0035000001080334187,0.0035000001080334187,0
2019-08-28,0.0035000001080334187,0.0035000001080334187,0.0035000001080334187,0.0035000001080334187,0.0035000001080334187,0
2019-08-29,0.0035000001080334187,0.0035000001080334187,0.0035000001080334187,0.0035000001080334187,0.0035000001080334187,0
2019-08-30,0.0035000001080334187,0.0035000001080334187,0.0035000001080334187,0.0035000001080334187,0.0035000001080334187,0
2019-09-03,0.0035000001080334187,0.0035000001080334187,0.0035000001080334187,0.0035000001080334187,0.0035000001080334187,0
2019-09-04,0.0035000001080334187,0.0035000001080334187,0.0035000001080334187,0.0035000001080334187,0.0035000001080334187,0
2019-09-05,0.0035000001080334187,0.0035000001080334187,0.0035000001080334187,0.0035000001080334187,0.0035000001080334187,0
2019-09-06,0.0035000001080334187,0.0035000001080334187,0.0035000001080334187,0.0035000001080334187,0.0035000001080334187,92000
2019-09-09,0.0035000001080334187,0.0035000001080334187,0.0035000001080334187,0.0035000001080334187,0.0035000001080334187,0
2019-09-10,0.0035000001080334187,0.0035000001080334187,0.0035000001080334187,0.0035000001080334187,0.0035000001080334187,0
2019-09-11,0.0035000001080334187,0.0035000001080334187,0.0035000001080334187,0.0035000001080334187,0.0035000001080334187,0
2019-09-12,0.0035000001080334187,0.0035000001080334187,0.0035000001080334187,0.0035000001080334187,0.0035000001080334187,0
2019-09-13,0.0035000001080334187,0.0035000001080334187,0.0035000001080334187,0.0035000001080334187,0.0035000001080334187,0
2019-09-16,0.0035000001080334187,0.0035000001080334187,0.0035000001080334187,0.0035000001080334187,0.0035000001080334187,0
2019-09-17,0.0035000001080334187,0.0035000001080334187,0.0035000001080334187,0.0035000001080334187,0.0035000001080334187,0
2019-09-18,0.0035000001080334187,0.0035000001080334187,0.0035000001080334187,0.0035000001080334187,0.0035000001080334187,0
2019-09-19,0.0035000001080334187,0.0035000001080334187,0.0035000001080334187,0.0035000001080334187,0.0035000001080334187,0
2019-09-20,0.0035000001080334187,0.0035000001080334187,0.0035000001080334187,0.0035000001080334187,0.0035000001080334187,0
2019-09-23,0.0035000001080334187,0.0035000001080334187,0.0035000001080334187,0.0035000001080334187,0.0035000001080334187,0
2019-09-24,0.0035000001080334187,0.0035000001080334187,0.0035000001080334187,0.0035000001080334187,0.0035000001080334187,0
2019-09-25,0.0035000001080334187,0.0035000001080334187,0.0035000001080334187,0.0035000001080334187,0.0035000001080334187,0
2019-09-26,0.0035000001080334187,0.0035000001080334187,0.0035000001080334187,0.0035000001080334187,0.0035000001080334187,0
2019-09-27,0.0035000001080334187,0.0035000001080334187,0.0035000001080334187,0.0035000001080334187,0.0035000001080334187,0
2019-09-30,0.0035000001080334187,0.0035000001080334187,0.0035000001080334187,0.0035000001080334187,0.0035000001080334187,0
2019-10-01,0.0035000001080334187,0.0035000001080334187,0.0035000001080334187,0.0035000001080334187,0.0035000001080334187,0
2019-10-02,0.0035000001080334187,0.0035000001080334187,0.0035000001080334187,0.0035000001080334187,0.0035000001080334187,0
2019-10-03,0.0035000001080334187,0.0035000001080334187,0.0035000001080334187,0.0035000001080334187,0.0035000001080334187,0
2019-10-04,0.0035000001080334187,0.0035000001080334187,0.0035000001080334187,0.0035000001080334187,0.0035000001080334187,10000
2019-10-07,0.0035000001080334187,0.0035000001080334187,0.0035000001080334187,0.0035000001080334187,0.0035000001080334187,0
2019-10-08,0.0035000001080334187,0.0035000001080334187,0.0035000001080334187,0.0035000001080334187,0.0035000001080334187,0
2019-10-09,0.0035000001080334187,0.003599999938160181,0.0035000001080334187,0.003599999938160181,0.003599999938160181,146500
2019-10-10,0.003599999938160181,0.003599999938160181,0.003599999938160181,0.003599999938160181,0.003599999938160181,0
2019-10-11,0.003599999938160181,0.003599999938160181,0.003599999938160181,0.003599999938160181,0.003599999938160181,0
2019-10-14,0.003599999938160181,0.003599999938160181,0.003599999938160181,0.003599999938160181,0.003599999938160181,0
2019-10-15,0.003599999938160181,0.003599999938160181,0.003599999938160181,0.003599999938160181,0.003599999938160181,0
2019-10-16,0.003599999938160181,0.003599999938160181,0.003599999938160181,0.003599999938160181,0.003599999938160181,0
2019-10-17,0.003599999938160181,0.003599999938160181,0.003599999938160181,0.003599999938160181,0.003599999938160181,0
2019-10-18,0.003599999938160181,0.003599999938160181,0.003599999938160181,0.003599999938160181,0.003599999938160181,0
2019-10-21,0.0035000001080334187,0.007600000128149986,0.0035000001080334187,0.004999999888241291,0.004999999888241291,367725
2019-10-22,0.005499999970197678,0.008799999952316284,0.005499999970197678,0.006000000052154064,0.006000000052154064,53498
2019-10-23,0.007499999832361937,0.009999999776482582,0.007499999832361937,0.007799999788403511,0.007799999788403511,74665
2019-10-24,0.012000000104308128,0.012000000104308128,0.008960000239312649,0.008999999612569809,0.008999999612569809,170000
2019-10-25,0.004999999888241291,0.004999999888241291,0.004999999888241291,0.004999999888241291,0.004999999888241291,30000
2019-10-28,0.004999999888241291,0.004999999888241291,0.004999999888241291,0.004999999888241291,0.004999999888241291,0
2019-10-29,0.004999999888241291,0.004999999888241291,0.004999999888241291,0.004999999888241291,0.004999999888241291,30000
2019-10-30,0.004100000020116568,0.004100000020116568,0.004100000020116568,0.004100000020116568,0.004100000020116568,30800
2019-10-31,0.006500000134110451,0.019999999552965164,0.006500000134110451,0.007000000216066837,0.007000000216066837,533500
2019-11-01,0.009600000455975533,0.07999999821186066,0.009600000455975533,0.029500000178813934,0.029500000178813934,4939627
2019-11-04,0.02800000086426735,0.041999999433755875,0.0215000007301569,0.02500000037252903,0.02500000037252903,955563
2019-11-05,0.023000000044703484,0.023000000044703484,0.011300000362098217,0.011300000362098217,0.011300000362098217,1009406
2019-11-06,0.012400000356137753,0.013000000268220901,0.011800000444054604,0.012000000104308128,0.012000000104308128,94200
2019-11-07,0.010300000198185444,0.010900000110268593,0.010300000198185444,0.010300000198185444,0.010300000198185444,16500
2019-11-08,0.010739999823272228,0.010739999823272228,0.009399999864399433,0.009999999776482582,0.009999999776482582,242554
2019-11-11,0.009999999776482582,0.009999999776482582,0.0066999997943639755,0.007499999832361937,0.007499999832361937,66500
2019-11-12,0.009999999776482582,0.009999999776482582,0.009999999776482582,0.009999999776482582,0.009999999776482582,25000
2019-11-13,0.009999999776482582,0.009999999776482582,0.009999999776482582,0.009999999776482582,0.009999999776482582,0
2019-11-14,0.009999999776482582,0.009999999776482582,0.009999999776482582,0.009999999776482582,0.009999999776482582,10000
2019-11-15,0.007499999832361937,0.008100000210106373,0.006399999838322401,0.007199999876320362,0.007199999876320362,155600
2019-11-18,0.006500000134110451,0.006500000134110451,0.006399999838322401,0.006399999838322401,0.006399999838322401,50000
2019-11-19,0.005400000140070915,0.005539999809116125,0.005400000140070915,0.005499999970197678,0.005499999970197678,54000
2019-11-20,0.005499999970197678,0.005499999970197678,0.005499999970197678,0.005499999970197678,0.005499999970197678,0
2019-11-21,0.00559999980032444,0.00559999980032444,0.005400000140070915,0.005400000140070915,0.005400000140070915,22000
2019-11-22,0.009999999776482582,0.009999999776482582,0.009999999776482582,0.009999999776482582,0.009999999776482582,14285
2019-11-25,0.009999999776482582,0.009999999776482582,0.009999999776482582,0.009999999776482582,0.009999999776482582,0
2019-11-26,0.009999999776482582,0.009999999776482582,0.009999999776482582,0.009999999776482582,0.009999999776482582,0
2019-11-27,0.009999999776482582,0.009999999776482582,0.009999999776482582,0.009999999776482582,0.009999999776482582,0
2019-11-29,0.009999999776482582,0.009999999776482582,0.009999999776482582,0.009999999776482582,0.009999999776482582,0
2019-12-02,0.00570000009611249,0.00570000009611249,0.00570000009611249,0.00570000009611249,0.00570000009611249,8400
2019-12-03,0.00570000009611249,0.00570000009611249,0.00570000009611249,0.00570000009611249,0.00570000009611249,0
2019-12-04,0.00570000009611249,0.00570000009611249,0.00570000009611249,0.00570000009611249,0.00570000009611249,0
2019-12-05,0.00570000009611249,0.00570000009611249,0.00570000009611249,0.00570000009611249,0.00570000009611249,0
2019-12-06,0.00570000009611249,0.00570000009611249,0.00570000009611249,0.00570000009611249,0.00570000009611249,0
2019-12-09,0.00570000009611249,0.00570000009611249,0.00570000009611249,0.00570000009611249,0.00570000009611249,0
2019-12-10,0.00570000009611249,0.00570000009611249,0.00570000009611249,0.00570000009611249,0.00570000009611249,2500
2019-12-11,0.00570000009611249,0.00570000009611249,0.00570000009611249,0.00570000009611249,0.00570000009611249,0
2019-12-12,0.00570000009611249,0.00570000009611249,0.00570000009611249,0.00570000009611249,0.00570000009611249,0
2019-12-13,0.00570000009611249,0.00570000009611249,0.00570000009611249,0.00570000009611249,0.00570000009611249,0
2019-12-16,0.005499999970197678,0.005499999970197678,0.005200000014156103,0.005200000014156103,0.005200000014156103,125000
2019-12-17,0.005200000014156103,0.005200000014156103,0.005200000014156103,0.005200000014156103,0.005200000014156103,0
2019-12-18,0.005200000014156103,0.005200000014156103,0.005200000014156103,0.005200000014156103,0.005200000014156103,0
2019-12-19,0.005200000014156103,0.005200000014156103,0.005200000014156103,0.005200000014156103,0.005200000014156103,20000
2019-12-20,0.005200000014156103,0.005200000014156103,0.005200000014156103,0.005200000014156103,0.005200000014156103,0
2019-12-23,0.005200000014156103,0.005200000014156103,0.005200000014156103,0.005200000014156103,0.005200000014156103,0
2019-12-24,0.005200000014156103,0.005200000014156103,0.005200000014156103,0.005200000014156103,0.005200000014156103,0
2019-12-26,0.003100000089034438,0.004999999888241291,0.003100000089034438,0.004999999888241291,0.004999999888241291,80000
2019-12-27,0.004999999888241291,0.004999999888241291,0.004999999888241291,0.004999999888241291,0.004999999888241291,0
2019-12-30,0.004999999888241291,0.004999999888241291,0.004999999888241291,0.004999999888241291,0.004999999888241291,0
2019-12-31,0.004999999888241291,0.004999999888241291,0.004999999888241291,0.004999999888241291,0.004999999888241291,0
2020-01-02,0.004999999888241291,0.004999999888241291,0.004999999888241291,0.004999999888241291,0.004999999888241291,0
2020-01-03,0.004999999888241291,0.004999999888241291,0.004999999888241291,0.004999999888241291,0.004999999888241291,0
2020-01-06,0.004999999888241291,0.004999999888241291,0.004999999888241291,0.004999999888241291,0.004999999888241291,0
2020-01-07,0.004999999888241291,0.004999999888241291,0.004999999888241291,0.004999999888241291,0.004999999888241291,0
2020-01-08,0.004999999888241291,0.004999999888241291,0.004999999888241291,0.004999999888241291,0.004999999888241291,0
2020-01-09,0.004999999888241291,0.004999999888241291,0.004999999888241291,0.004999999888241291,0.004999999888241291,0
2020-01-10,0.004999999888241291,0.004999999888241291,0.004999999888241291,0.004999999888241291,0.004999999888241291,0
2020-01-13,0.004999999888241291,0.004999999888241291,0.004999999888241291,0.004999999888241291,0.004999999888241291,0
2020-01-14,0.004999999888241291,0.004999999888241291,0.004999999888241291,0.004999999888241291,0.004999999888241291,0
2020-01-15,0.004999999888241291,0.004999999888241291,0.004999999888241291,0.004999999888241291,0.004999999888241291,0
2020-01-16,0.004999999888241291,0.004999999888241291,0.004999999888241291,0.004999999888241291,0.004999999888241291,0
2020-01-17,0.004999999888241291,0.004999999888241291,0.004999999888241291,0.004999999888241291,0.004999999888241291,0
2020-01-21,0.004999999888241291,0.004999999888241291,0.004999999888241291,0.004999999888241291,0.004999999888241291,0
2020-01-22,0.004999999888241291,0.004999999888241291,0.004999999888241291,0.004999999888241291,0.004999999888241291,0
2020-01-23,0.004999999888241291,0.004999999888241291,0.004999999888241291,0.004999999888241291,0.004999999888241291,0
2020-01-24,0.004999999888241291,0.004999999888241291,0.004999999888241291,0.004999999888241291,0.004999999888241291,0
2020-01-27,0.004999999888241291,0.004999999888241291,0.004999999888241291,0.004999999888241291,0.004999999888241291,0
2020-01-28,0.004999999888241291,0.004999999888241291,0.004999999888241291,0.004999999888241291,0.004999999888241291,0
2020-01-29,0.004999999888241291,0.004999999888241291,0.004999999888241291,0.004999999888241291,0.004999999888241291,0
2020-01-30,0.004999999888241291,0.004999999888241291,0.004999999888241291,0.004999999888241291,0.004999999888241291,0
2020-01-31,0.004509999882429838,0.004509999882429838,0.004509999882429838,0.004509999882429838,0.004509999882429838,620
2020-02-03,0.003539999946951866,0.003539999946951866,0.003539999946951866,0.003539999946951866,0.003539999946951866,5470
2020-02-04,0.003539999946951866,0.003539999946951866,0.003539999946951866,0.003539999946951866,0.003539999946951866,0
2020-02-05,0.003539999946951866,0.003539999946951866,0.003539999946951866,0.003539999946951866,0.003539999946951866,0
2020-02-06,0.003759999992325902,0.003759999992325902,0.003759999992325902,0.003759999992325902,0.003759999992325902,2000
2020-02-07,0.003759999992325902,0.003759999992325902,0.003759999992325902,0.003759999992325902,0.003759999992325902,0
2020-02-10,0.0034000000450760126,0.0034000000450760126,0.0034000000450760126,0.0034000000450760126,0.0034000000450760126,22000
2020-02-11,0.0034000000450760126,0.0034000000450760126,0.0034000000450760126,0.0034000000450760126,0.0034000000450760126,0
2020-02-12,0.0034000000450760126,0.0034000000450760126,0.0034000000450760126,0.0034000000450760126,0.0034000000450760126,0
2020-02-13,0.0034000000450760126,0.0034000000450760126,0.0034000000450760126,0.0034000000450760126,0.0034000000450760126,0
2020-02-14,0.0034000000450760126,0.0034000000450760126,0.0034000000450760126,0.0034000000450760126,0.0034000000450760126,0
2020-02-18,0.0034000000450760126,0.0034000000450760126,0.0034000000450760126,0.0034000000450760126,0.0034000000450760126,5800
2020-02-19,0.0034000000450760126,0.0034000000450760126,0.0034000000450760126,0.0034000000450760126,0.0034000000450760126,0
2020-02-20,0.0034000000450760126,0.0034000000450760126,0.0034000000450760126,0.0034000000450760126,0.0034000000450760126,0
2020-02-21,0.0034000000450760126,0.0034000000450760126,0.0034000000450760126,0.0034000000450760126,0.0034000000450760126,0
2020-02-24,0.0034000000450760126,0.0034000000450760126,0.0034000000450760126,0.0034000000450760126,0.0034000000450760126,0
2020-02-25,0.0034000000450760126,0.0034000000450760126,0.0034000000450760126,0.0034000000450760126,0.0034000000450760126,0
2020-02-26,0.0034000000450760126,0.0034000000450760126,0.0034000000450760126,0.0034000000450760126,0.0034000000450760126,0
2020-02-27,0.0034000000450760126,0.0034000000450760126,0.0034000000450760126,0.0034000000450760126,0.0034000000450760126,0
2020-02-28,0.0034000000450760126,0.0034000000450760126,0.0034000000450760126,0.0034000000450760126,0.0034000000450760126,0
2020-03-02,0.0034000000450760126,0.0034000000450760126,0.0034000000450760126,0.0034000000450760126,0.0034000000450760126,0
2020-03-03,0.0034000000450760126,0.0034000000450760126,0.0034000000450760126,0.0034000000450760126,0.0034000000450760126,0
2020-03-04,0.0034000000450760126,0.0034000000450760126,0.0034000000450760126,0.0034000000450760126,0.0034000000450760126,0
2020-03-05,0.0034000000450760126,0.0034000000450760126,0.0034000000450760126,0.0034000000450760126,0.0034000000450760126,0
2020-03-06,0.0034000000450760126,0.0034000000450760126,0.0034000000450760126,0.0034000000450760126,0.0034000000450760126,0
2020-03-09,0.0034000000450760126,0.0034000000450760126,0.0034000000450760126,0.0034000000450760126,0.0034000000450760126,0
2020-03-10,0.0034000000450760126,0.0034000000450760126,0.0034000000450760126,0.0034000000450760126,0.0034000000450760126,0
2020-03-11,0.004129999782890081,0.004129999782890081,0.004129999782890081,0.004129999782890081,0.004129999782890081,20000
2020-03-12,0.0034000000450760126,0.0034000000450760126,0.003100000089034438,0.003100000089034438,0.003100000089034438,20000
2020-03-13,0.0026000000070780516,0.0026000000070780516,0.0026000000070780516,0.0026000000070780516,0.0026000000070780516,110
2020-03-16,0.0026000000070780516,0.0026000000070780516,0.0026000000070780516,0.0026000000070780516,0.0026000000070780516,0
2020-03-17,0.0026000000070780516,0.0026000000070780516,0.0026000000070780516,0.0026000000070780516,0.0026000000070780516,0
2020-03-18,0.0026000000070780516,0.0026000000070780516,0.0026000000070780516,0.0026000000070780516,0.0026000000070780516,0
2020-03-19,0.0026000000070780516,0.0026000000070780516,0.0026000000070780516,0.0026000000070780516,0.0026000000070780516,0
2020-03-20,0.0026000000070780516,0.0026000000070780516,0.0026000000070780516,0.0026000000070780516,0.0026000000070780516,0
2020-03-23,0.0026000000070780516,0.0026000000070780516,0.0026000000070780516,0.0026000000070780516,0.0026000000070780516,1000
2020-03-24,0.0026000000070780516,0.0026000000070780516,0.0026000000070780516,0.0026000000070780516,0.0026000000070780516,0
2020-03-25,0.0026000000070780516,0.0026000000070780516,0.0026000000070780516,0.0026000000070780516,0.0026000000070780516,0
2020-03-26,0.0026000000070780516,0.0026000000070780516,0.0026000000070780516,0.0026000000070780516,0.0026000000070780516,0
2020-03-27,0.0026000000070780516,0.0026000000070780516,0.0026000000070780516,0.0026000000070780516,0.0026000000070780516,0
2020-03-30,0.0026000000070780516,0.0026000000070780516,0.0026000000070780516,0.0026000000070780516,0.0026000000070780516,0
2020-03-31,0.0026000000070780516,0.0026000000070780516,0.0026000000070780516,0.0026000000070780516,0.0026000000070780516,0
2020-04-01,0.0026000000070780516,0.0026000000070780516,0.0026000000070780516,0.0026000000070780516,0.0026000000070780516,0
2020-04-02,0.0026000000070780516,0.0026000000070780516,0.0026000000070780516,0.0026000000070780516,0.0026000000070780516,0
2020-04-03,0.0026000000070780516,0.0026000000070780516,0.0026000000070780516,0.0026000000070780516,0.0026000000070780516,0
2020-04-06,0.0026000000070780516,0.0026000000070780516,0.0026000000070780516,0.0026000000070780516,0.0026000000070780516,0
2020-04-07,0.0026000000070780516,0.0026000000070780516,0.0026000000070780516,0.0026000000070780516,0.0026000000070780516,0
2020-04-08,0.004000000189989805,0.004000000189989805,0.004000000189989805,0.004000000189989805,0.004000000189989805,60000
2020-04-09,0.004000000189989805,0.004000000189989805,0.004000000189989805,0.004000000189989805,0.004000000189989805,0
2020-04-13,0.005200000014156103,0.005200000014156103,0.005200000014156103,0.005200000014156103,0.005200000014156103,10000
2020-04-14,0.00800000037997961,0.00800000037997961,0.00800000037997961,0.00800000037997961,0.00800000037997961,6000
2020-04-15,0.00800000037997961,0.00800000037997961,0.00800000037997961,0.00800000037997961,0.00800000037997961,0
2020-04-16,0.00800000037997961,0.00800000037997961,0.0026000000070780516,0.0026000000070780516,0.0026000000070780516,27500
2020-04-17,0.0026000000070780516,0.0026000000070780516,0.0026000000070780516,0.0026000000070780516,0.0026000000070780516,0
2020-04-20,0.0026000000070780516,0.0026000000070780516,0.0026000000070780516,0.0026000000070780516,0.0026000000070780516,0
2020-04-21,0.0026000000070780516,0.0026000000070780516,0.0026000000070780516,0.0026000000070780516,0.0026000000070780516,0
2020-04-22,0.0026000000070780516,0.0026000000070780516,0.0026000000070780516,0.0026000000070780516,0.0026000000070780516,0
2020-04-23,0.00279999990016222,0.00279999990016222,0.0027000000700354576,0.00279999990016222,0.00279999990016222,200000
2020-04-24,0.00279999990016222,0.00279999990016222,0.00279999990016222,0.00279999990016222,0.00279999990016222,0
2020-04-27,0.00279999990016222,0.00279999990016222,0.00279999990016222,0.00279999990016222,0.00279999990016222,0
2020-04-28,0.00279999990016222,0.00279999990016222,0.00279999990016222,0.00279999990016222,0.00279999990016222,0
2020-04-29,0.00279999990016222,0.00279999990016222,0.00279999990016222,0.00279999990016222,0.00279999990016222,0
2020-04-30,0.00279999990016222,0.00279999990016222,0.00279999990016222,0.00279999990016222,0.00279999990016222,0
2020-05-01,0.00279999990016222,0.00279999990016222,0.00279999990016222,0.00279999990016222,0.00279999990016222,0
2020-05-04,0.00279999990016222,0.00279999990016222,0.00279999990016222,0.00279999990016222,0.00279999990016222,0
2020-05-05,0.00279999990016222,0.00279999990016222,0.00279999990016222,0.00279999990016222,0.00279999990016222,0
2020-05-06,0.00279999990016222,0.00279999990016222,0.00279999990016222,0.00279999990016222,0.00279999990016222,0
2020-05-07,0.00279999990016222,0.00279999990016222,0.00279999990016222,0.00279999990016222,0.00279999990016222,0
2020-05-08,0.00279999990016222,0.00279999990016222,0.00279999990016222,0.00279999990016222,0.00279999990016222,0
2020-05-11,0.00279999990016222,0.00279999990016222,0.00279999990016222,0.00279999990016222,0.00279999990016222,0
2020-05-12,0.00279999990016222,0.00279999990016222,0.00279999990016222,0.00279999990016222,0.00279999990016222,0
2020-05-13,0.007000000216066837,0.007000000216066837,0.007000000216066837,0.007000000216066837,0.007000000216066837,5000
2020-05-14,0.007000000216066837,0.007000000216066837,0.007000000216066837,0.007000000216066837,0.007000000216066837,5422
2020-05-15,0.007000000216066837,0.007000000216066837,0.006000000052154064,0.006000000052154064,0.006000000052154064,20000
2020-05-18,0.006000000052154064,0.006000000052154064,0.006000000052154064,0.006000000052154064,0.006000000052154064,23000
2020-05-19,0.006000000052154064,0.006000000052154064,0.006000000052154064,0.006000000052154064,0.006000000052154064,0
2020-05-20,0.007000000216066837,0.007000000216066837,0.007000000216066837,0.007000000216066837,0.007000000216066837,10000
2020-05-21,0.007000000216066837,0.014999999664723873,0.006899999920278788,0.009999999776482582,0.009999999776482582,604405
2020-05-22,0.012000000104308128,0.012000000104308128,0.009999999776482582,0.009999999776482582,0.009999999776482582,165000
2020-05-26,0.009999999776482582,0.009999999776482582,0.009999999776482582,0.009999999776482582,0.009999999776482582,0
2020-05-27,0.008999999612569809,0.008999999612569809,0.007499999832361937,0.007499999832361937,0.007499999832361937,21000
2020-05-28,0.006000000052154064,0.0070500001311302185,0.006000000052154064,0.0070500001311302185,0.0070500001311302185,12000
2020-05-29,0.007000000216066837,0.007000000216066837,0.007000000216066837,0.007000000216066837,0.007000000216066837,15000
2020-06-01,0.007000000216066837,0.007000000216066837,0.007000000216066837,0.007000000216066837,0.007000000216066837,0
2020-06-02,0.0061900001019239426,0.0061900001019239426,0.006000000052154064,0.006000000052154064,0.006000000052154064,45738
2020-06-03,0.007000000216066837,0.009999999776482582,0.007000000216066837,0.009999999776482582,0.009999999776482582,31000
2020-06-04,0.009999999776482582,0.009999999776482582,0.009999999776482582,0.009999999776482582,0.009999999776482582,0
2020-06-05,0.008999999612569809,0.008999999612569809,0.008999999612569809,0.008999999612569809,0.008999999612569809,10000
2020-06-08,0.008999999612569809,0.008999999612569809,0.008999999612569809,0.008999999612569809,0.008999999612569809,10000
2020-06-09,0.008999999612569809,0.008999999612569809,0.008999999612569809,0.008999999612569809,0.008999999612569809,10000
2020-06-10,0.008999999612569809,0.008999999612569809,0.008999999612569809,0.008999999612569809,0.008999999612569809,0
2020-06-11,0.008999999612569809,0.012000000104308128,0.007600000128149986,0.007600000128149986,0.007600000128149986,310000
2020-06-12,0.007600000128149986,0.007600000128149986,0.007600000128149986,0.007600000128149986,0.007600000128149986,0
2020-06-15,0.007600000128149986,0.007600000128149986,0.007600000128149986,0.007600000128149986,0.007600000128149986,0
2020-06-16,0.007600000128149986,0.007600000128149986,0.007600000128149986,0.007600000128149986,0.007600000128149986,0
2020-06-17,0.007600000128149986,0.013150000013411045,0.007499999832361937,0.013150000013411045,0.013150000013411045,40000
2020-06-18,0.013150000013411045,0.013150000013411045,0.013150000013411045,0.013150000013411045,0.013150000013411045,0
2020-06-19,0.013150000013411045,0.013150000013411045,0.013150000013411045,0.013150000013411045,0.013150000013411045,0
2020-06-22,0.005100000184029341,0.0069599999114871025,0.003100000089034438,0.0069599999114871025,0.0069599999114871025,24922
2020-06-23,0.006000000052154064,0.006000000052154064,0.006000000052154064,0.006000000052154064,0.006000000052154064,4000
2020-06-24,0.006000000052154064,0.006000000052154064,0.006000000052154064,0.006000000052154064,0.006000000052154064,0
2020-06-25,0.006000000052154064,0.006000000052154064,0.006000000052154064,0.006000000052154064,0.006000000052154064,0
2020-06-26,0.007000000216066837,0.008500000461935997,0.006000000052154064,0.008500000461935997,0.008500000461935997,30000
2020-06-29,0.008500000461935997,0.008500000461935997,0.008500000461935997,0.008500000461935997,0.008500000461935997,0
2020-06-30,0.008500000461935997,0.008500000461935997,0.008500000461935997,0.008500000461935997,0.008500000461935997,0
2020-07-01,0.008500000461935997,0.008500000461935997,0.008500000461935997,0.008500000461935997,0.008500000461935997,0
2020-07-02,0.008500000461935997,0.008500000461935997,0.008500000461935997,0.008500000461935997,0.008500000461935997,0
2020-07-06,0.008500000461935997,0.008500000461935997,0.008500000461935997,0.008500000461935997,0.008500000461935997,0
2020-07-07,0.008500000461935997,0.008500000461935997,0.008500000461935997,0.008500000461935997,0.008500000461935997,0
2020-07-08,0.008500000461935997,0.008500000461935997,0.008500000461935997,0.008500000461935997,0.008500000461935997,0
2020-07-09,0.008500000461935997,0.008500000461935997,0.008500000461935997,0.008500000461935997,0.008500000461935997,0
2020-07-10,0.008500000461935997,0.008500000461935997,0.008500000461935997,0.008500000461935997,0.008500000461935997,0
2020-07-13,0.008500000461935997,0.008500000461935997,0.008500000461935997,0.008500000461935997,0.008500000461935997,0
2020-07-14,0.012000000104308128,0.012000000104308128,0.012000000104308128,0.012000000104308128,0.012000000104308128,6900
2020-07-15,0.010999999940395355,0.010999999940395355,0.010999999940395355,0.010999999940395355,0.010999999940395355,100
2020-07-16,0.010999999940395355,0.010999999940395355,0.010999999940395355,0.010999999940395355,0.010999999940395355,0
2020-07-17,0.010999999940395355,0.010999999940395355,0.010999999940395355,0.010999999940395355,0.010999999940395355,0
2020-07-20,0.010999999940395355,0.010999999940395355,0.010999999940395355,0.010999999940395355,0.010999999940395355,0
2020-07-21,0.010999999940395355,0.010999999940395355,0.010999999940395355,0.010999999940395355,0.010999999940395355,0
2020-07-22,0.010999999940395355,0.010999999940395355,0.010999999940395355,0.010999999940395355,0.010999999940395355,0
2020-07-23,0.010999999940395355,0.010999999940395355,0.010999999940395355,0.010999999940395355,0.010999999940395355,0
2020-07-24,0.010999999940395355,0.010999999940395355,0.010999999940395355,0.010999999940395355,0.010999999940395355,0
2020-07-27,0.010999999940395355,0.010999999940395355,0.010999999940395355,0.010999999940395355,0.010999999940395355,0
2020-07-28,0.012000000104308128,0.012000000104308128,0.012000000104308128,0.012000000104308128,0.012000000104308128,3000
2020-07-29,0.012000000104308128,0.012000000104308128,0.012000000104308128,0.012000000104308128,0.012000000104308128,0
2020-07-30,0.012000000104308128,0.012000000104308128,0.012000000104308128,0.012000000104308128,0.012000000104308128,0
2020-07-31,0.012000000104308128,0.012000000104308128,0.012000000104308128,0.012000000104308128,0.012000000104308128,0
2020-08-03,0.012000000104308128,0.012000000104308128,0.012000000104308128,0.012000000104308128,0.012000000104308128,0
2020-08-04,0.012000000104308128,0.012000000104308128,0.012000000104308128,0.012000000104308128,0.012000000104308128,0
2020-08-05,0.012000000104308128,0.012000000104308128,0.012000000104308128,0.012000000104308128,0.012000000104308128,0
2020-08-06,0.012000000104308128,0.012000000104308128,0.012000000104308128,0.012000000104308128,0.012000000104308128,0
2020-08-07,0.012000000104308128,0.012000000104308128,0.012000000104308128,0.012000000104308128,0.012000000104308128,0
2020-08-10,0.012000000104308128,0.012000000104308128,0.012000000104308128,0.012000000104308128,0.012000000104308128,0
2020-08-11,0.008500000461935997,0.008500000461935997,0.006000000052154064,0.006000000052154064,0.006000000052154064,20000
2020-08-12,0.006000000052154064,0.006000000052154064,0.006000000052154064,0.006000000052154064,0.006000000052154064,0
2020-08-13,0.006000000052154064,0.006000000052154064,0.006000000052154064,0.006000000052154064,0.006000000052154064,0
2020-08-14,0.006000000052154064,0.006000000052154064,0.006000000052154064,0.006000000052154064,0.006000000052154064,0
2020-08-17,0.006000000052154064,0.006000000052154064,0.006000000052154064,0.006000000052154064,0.006000000052154064,0
2020-08-18,0.006000000052154064,0.006000000052154064,0.006000000052154064,0.006000000052154064,0.006000000052154064,90000
2020-08-19,0.006000000052154064,0.006000000052154064,0.006000000052154064,0.006000000052154064,0.006000000052154064,0
2020-08-20,0.006000000052154064,0.006000000052154064,0.006000000052154064,0.006000000052154064,0.006000000052154064,0
2020-08-21,0.006000000052154064,0.006000000052154064,0.006000000052154064,0.006000000052154064,0.006000000052154064,0
2020-08-24,0.006000000052154064,0.006000000052154064,0.006000000052154064,0.006000000052154064,0.006000000052154064,0
2020-08-25,0.006000000052154064,0.006000000052154064,0.006000000052154064,0.006000000052154064,0.006000000052154064,0
2020-08-26,0.006000000052154064,0.006000000052154064,0.006000000052154064,0.006000000052154064,0.006000000052154064,0
2020-08-27,0.006000000052154064,0.006000000052154064,0.006000000052154064,0.006000000052154064,0.006000000052154064,0
2020-08-28,0.006000000052154064,0.006000000052154064,0.006000000052154064,0.006000000052154064,0.006000000052154064,0
2020-08-31,0.006000000052154064,0.006000000052154064,0.006000000052154064,0.006000000052154064,0.006000000052154064,0
2020-09-01,0.006200000178068876,0.006200000178068876,0.006099999882280827,0.006099999882280827,0.006099999882280827,20000
2020-09-02,0.006099999882280827,0.006099999882280827,0.006099999882280827,0.006099999882280827,0.006099999882280827,0
2020-09-03,0.006099999882280827,0.006099999882280827,0.006099999882280827,0.006099999882280827,0.006099999882280827,0
2020-09-04,0.006099999882280827,0.006099999882280827,0.006099999882280827,0.006099999882280827,0.006099999882280827,0
2020-09-08,0.006099999882280827,0.006099999882280827,0.006099999882280827,0.006099999882280827,0.006099999882280827,0
2020-09-09,0.006099999882280827,0.006099999882280827,0.006099999882280827,0.006099999882280827,0.006099999882280827,0
2020-09-10,0.006099999882280827,0.006099999882280827,0.006099999882280827,0.006099999882280827,0.006099999882280827,0
2020-09-11,0.006099999882280827,0.006099999882280827,0.006099999882280827,0.006099999882280827,0.006099999882280827,0
2020-09-14,0.006099999882280827,0.006099999882280827,0.006099999882280827,0.006099999882280827,0.006099999882280827,0
2020-09-15,0.006099999882280827,0.006099999882280827,0.006099999882280827,0.006099999882280827,0.006099999882280827,0
2020-09-16,0.006099999882280827,0.006099999882280827,0.006099999882280827,0.006099999882280827,0.006099999882280827,0
2020-09-17,0.006099999882280827,0.006099999882280827,0.006099999882280827,0.006099999882280827,0.006099999882280827,0
2020-09-21,0.006099999882280827,0.006099999882280827,0.006099999882280827,0.006099999882280827,0.006099999882280827,0
2020-09-22,0.006099999882280827,0.006099999882280827,0.006099999882280827,0.006099999882280827,0.006099999882280827,0
2020-09-23,0.006099999882280827,0.006099999882280827,0.006099999882280827,0.006099999882280827,0.006099999882280827,0
2020-09-24,0.006099999882280827,0.006099999882280827,0.006099999882280827,0.006099999882280827,0.006099999882280827,0
2020-09-25,0.006099999882280827,0.006099999882280827,0.006099999882280827,0.006099999882280827,0.006099999882280827,0
2020-09-28,0.006099999882280827,0.006099999882280827,0.006099999882280827,0.006099999882280827,0.006099999882280827,0
2020-09-29,0.006099999882280827,0.006099999882280827,0.006099999882280827,0.006099999882280827,0.006099999882280827,0
2020-09-30,0.006099999882280827,0.006099999882280827,0.006099999882280827,0.006099999882280827,0.006099999882280827,0
2020-10-01,0.006099999882280827,0.006099999882280827,0.006099999882280827,0.006099999882280827,0.006099999882280827,0
2020-10-02,0.006099999882280827,0.006099999882280827,0.006099999882280827,0.006099999882280827,0.006099999882280827,0
2020-10-05,0.006099999882280827,0.006099999882280827,0.006099999882280827,0.006099999882280827,0.006099999882280827,0
2020-10-06,0.006099999882280827,0.006099999882280827,0.006099999882280827,0.006099999882280827,0.006099999882280827,0
2020-10-07,0.006099999882280827,0.006099999882280827,0.006099999882280827,0.006099999882280827,0.006099999882280827,0
2020-10-08,0.006099999882280827,0.006099999882280827,0.006099999882280827,0.006099999882280827,0.006099999882280827,0
2020-10-09,0.006099999882280827,0.006099999882280827,0.006099999882280827,0.006099999882280827,0.006099999882280827,0
2020-10-12,0.006099999882280827,0.006099999882280827,0.006099999882280827,0.006099999882280827,0.006099999882280827,0
2020-10-13,0.006099999882280827,0.006099999882280827,0.006099999882280827,0.006099999882280827,0.006099999882280827,0
2020-10-14,0.006099999882280827,0.006099999882280827,0.006099999882280827,0.006099999882280827,0.006099999882280827,0
2020-10-15,0.006099999882280827,0.006099999882280827,0.006099999882280827,0.006099999882280827,0.006099999882280827,0
2020-10-16,0.007519999984651804,0.007519999984651804,0.006200000178068876,0.006200000178068876,0.006200000178068876,38239
2020-10-19,0.006200000178068876,0.006200000178068876,0.006200000178068876,0.006200000178068876,0.006200000178068876,0
2020-10-20,0.006200000178068876,0.006200000178068876,0.006200000178068876,0.006200000178068876,0.006200000178068876,0
2020-10-21,0.006200000178068876,0.006200000178068876,0.006200000178068876,0.006200000178068876,0.006200000178068876,0
2020-10-22,0.006200000178068876,0.006200000178068876,0.006200000178068876,0.006200000178068876,0.006200000178068876,0
2020-10-23,0.006200000178068876,0.006200000178068876,0.006200000178068876,0.006200000178068876,0.006200000178068876,0
2020-10-26,0.006200000178068876,0.006200000178068876,0.006200000178068876,0.006200000178068876,0.006200000178068876,0
2020-10-27,0.006200000178068876,0.006200000178068876,0.006200000178068876,0.006200000178068876,0.006200000178068876,0
2020-10-28,0.006200000178068876,0.006200000178068876,0.006200000178068876,0.006200000178068876,0.006200000178068876,0
2020-10-29,0.006200000178068876,0.006200000178068876,0.006200000178068876,0.006200000178068876,0.006200000178068876,0
2020-10-30,0.006200000178068876,0.006200000178068876,0.006200000178068876,0.006200000178068876,0.006200000178068876,0
2020-11-02,0.006200000178068876,0.006200000178068876,0.006200000178068876,0.006200000178068876,0.006200000178068876,0
2020-11-03,0.006200000178068876,0.006200000178068876,0.006200000178068876,0.006200000178068876,0.006200000178068876,0
2020-11-04,0.006200000178068876,0.006200000178068876,0.006200000178068876,0.006200000178068876,0.006200000178068876,0
2020-11-05,0.006200000178068876,0.006200000178068876,0.006200000178068876,0.006200000178068876,0.006200000178068876,0
2020-11-06,0.006200000178068876,0.006200000178068876,0.006200000178068876,0.006200000178068876,0.006200000178068876,0
2020-11-09,0.006200000178068876,0.006200000178068876,0.006200000178068876,0.006200000178068876,0.006200000178068876,0
2020-11-10,0.006200000178068876,0.006200000178068876,0.006200000178068876,0.006200000178068876,0.006200000178068876,0
2020-11-11,0.006200000178068876,0.006200000178068876,0.006200000178068876,0.006200000178068876,0.006200000178068876,0
2020-11-12,0.006200000178068876,0.006200000178068876,0.006200000178068876,0.006200000178068876,0.006200000178068876,0
2020-11-13,0.006200000178068876,0.006200000178068876,0.006200000178068876,0.006200000178068876,0.006200000178068876,0
2020-11-16,0.006200000178068876,0.006200000178068876,0.006200000178068876,0.006200000178068876,0.006200000178068876,0
2020-11-17,0.006200000178068876,0.006200000178068876,0.006200000178068876,0.006200000178068876,0.006200000178068876,0
2020-11-18,0.006200000178068876,0.006200000178068876,0.006200000178068876,0.006200000178068876,0.006200000178068876,0
2020-11-19,0.006200000178068876,0.006200000178068876,0.006200000178068876,0.006200000178068876,0.006200000178068876,0
2020-11-20,0.006200000178068876,0.006200000178068876,0.006200000178068876,0.006200000178068876,0.006200000178068876,0
2020-11-23,0.006200000178068876,0.006200000178068876,0.006200000178068876,0.006200000178068876,0.006200000178068876,0
2020-11-24,0.006430000066757202,0.006430000066757202,0.006200000178068876,0.006200000178068876,0.006200000178068876,40000
2020-11-25,0.006200000178068876,0.006200000178068876,0.006200000178068876,0.006200000178068876,0.006200000178068876,0
2020-11-27,0.006200000178068876,0.006200000178068876,0.006200000178068876,0.006200000178068876,0.006200000178068876,0
2020-11-30,0.006200000178068876,0.006200000178068876,0.006200000178068876,0.006200000178068876,0.006200000178068876,0
2020-12-01,0.006200000178068876,0.006200000178068876,0.006200000178068876,0.006200000178068876,0.006200000178068876,0
2020-12-02,0.006099999882280827,0.006099999882280827,0.006099999882280827,0.006099999882280827,0.006099999882280827,33000
2020-12-03,0.006099999882280827,0.006099999882280827,0.006099999882280827,0.006099999882280827,0.006099999882280827,0
2020-12-04,0.005150000099092722,0.005150000099092722,0.005150000099092722,0.005150000099092722,0.005150000099092722,1000
2020-12-07,0.006099999882280827,0.006099999882280827,0.006099999882280827,0.006099999882280827,0.006099999882280827,8500
2020-12-08,0.006099999882280827,0.006099999882280827,0.006099999882280827,0.006099999882280827,0.006099999882280827,0
2020-12-09,0.006099999882280827,0.006099999882280827,0.006099999882280827,0.006099999882280827,0.006099999882280827,0
2020-12-10,0.006099999882280827,0.006099999882280827,0.006099999882280827,0.006099999882280827,0.006099999882280827,0
2020-12-11,0.006099999882280827,0.006099999882280827,0.006099999882280827,0.006099999882280827,0.006099999882280827,5000
2020-12-14,0.006099999882280827,0.006099999882280827,0.006099999882280827,0.006099999882280827,0.006099999882280827,0
2020-12-15,0.006099999882280827,0.006099999882280827,0.006099999882280827,0.006099999882280827,0.006099999882280827,0
2020-12-16,0.006099999882280827,0.006099999882280827,0.006099999882280827,0.006099999882280827,0.006099999882280827,0
2020-12-17,0.006099999882280827,0.011800000444054604,0.006099999882280827,0.011800000444054604,0.011800000444054604,15250
2020-12-18,0.013000000268220901,0.013199999928474426,0.009650000371038914,0.013199999928474426,0.013199999928474426,40000
2020-12-21,0.012000000104308128,0.012000000104308128,0.012000000104308128,0.012000000104308128,0.012000000104308128,10000
2020-12-22,0.014399999752640724,0.014999999664723873,0.013220000080764294,0.014000000432133675,0.014000000432133675,108000
2020-12-23,0.014000000432133675,0.01568000018596649,0.010049999691545963,0.014000000432133675,0.014000000432133675,96773
2020-12-24,0.017550000920891762,0.017550000920891762,0.006099999882280827,0.006099999882280827,0.006099999882280827,10000
2020-12-28,0.006599999964237213,0.006599999964237213,0.006399999838322401,0.006399999838322401,0.006399999838322401,11500
2020-12-29,0.006399999838322401,0.006399999838322401,0.006399999838322401,0.006399999838322401,0.006399999838322401,0
2020-12-30,0.012969999574124813,0.012969999574124813,0.012969999574124813,0.012969999574124813,0.012969999574124813,5000
2020-12-31,0.006399999838322401,0.0170499999076128,0.006099999882280827,0.0170499999076128,0.0170499999076128,16545
2021-01-04,0.0170499999076128,0.0170499999076128,0.0170499999076128,0.0170499999076128,0.0170499999076128,0
2021-01-05,0.0170499999076128,0.0170499999076128,0.0170499999076128,0.0170499999076128,0.0170499999076128,0
2021-01-06,0.0170499999076128,0.0170499999076128,0.0170499999076128,0.0170499999076128,0.0170499999076128,0
2021-01-07,0.0170499999076128,0.0170499999076128,0.0170499999076128,0.0170499999076128,0.0170499999076128,0
2021-01-08,0.006099999882280827,0.006099999882280827,0.006099999882280827,0.006099999882280827,0.006099999882280827,12500
2021-01-11,0.006099999882280827,0.006099999882280827,0.006099999882280827,0.006099999882280827,0.006099999882280827,0
2021-01-12,0.006099999882280827,0.006099999882280827,0.006099999882280827,0.006099999882280827,0.006099999882280827,0
2021-01-13,0.008249999955296516,0.009999999776482582,0.008050000295042992,0.009999999776482582,0.009999999776482582,67500
2021-01-14,0.006500000134110451,0.006500000134110451,0.006500000134110451,0.006500000134110451,0.006500000134110451,3389
2021-01-15,0.006500000134110451,0.006500000134110451,0.006500000134110451,0.006500000134110451,0.006500000134110451,0
2021-01-19,0.006500000134110451,0.006500000134110451,0.006500000134110451,0.006500000134110451,0.006500000134110451,0
2021-01-20,0.006500000134110451,0.006500000134110451,0.006500000134110451,0.006500000134110451,0.006500000134110451,0
2021-01-21,0.006500000134110451,0.006500000134110451,0.006500000134110451,0.006500000134110451,0.006500000134110451,0
2021-01-22,0.006500000134110451,0.006500000134110451,0.006500000134110451,0.006500000134110451,0.006500000134110451,0
2021-01-25,0.006500000134110451,0.006500000134110451,0.006500000134110451,0.006500000134110451,0.006500000134110451,0
2021-01-26,0.006500000134110451,0.006500000134110451,0.006500000134110451,0.006500000134110451,0.006500000134110451,0
2021-01-27,0.006500000134110451,0.006500000134110451,0.006500000134110451,0.006500000134110451,0.006500000134110451,0
2021-01-28,0.006500000134110451,0.006500000134110451,0.006500000134110451,0.006500000134110451,0.006500000134110451,0
2021-01-29,0.006500000134110451,0.006500000134110451,0.006500000134110451,0.006500000134110451,0.006500000134110451,2500
2021-02-01,0.0066999997943639755,0.013000000268220901,0.0066999997943639755,0.013000000268220901,0.013000000268220901,2500
2021-02-02,0.006800000090152025,0.006800000090152025,0.006800000090152025,0.006800000090152025,0.006800000090152025,500
2021-02-03,0.006800000090152025,0.006800000090152025,0.006800000090152025,0.006800000090152025,0.006800000090152025,0
2021-02-04,0.006800000090152025,0.006800000090152025,0.006800000090152025,0.006800000090152025,0.006800000090152025,0
2021-02-05,0.006800000090152025,0.006800000090152025,0.006800000090152025,0.006800000090152025,0.006800000090152025,0
